"Number","ID","Name","Twitter","Status"
1,"5923","yokkuns","yokkuns","1"
1,"17358","akiaki5516",NA,"1"
1,"11108","teilnehmen","teilnehmen","1"
1,"17372","id322",NA,"1"
1,"7997","Jxck","Jxck_","1"
1,"17387","chihirovv",NA,"1"
1,"13498","kentaro714",NA,"1"
1,"17406","まちゃ",NA,"1"
1,"17443","hamadakoichi","hamadakoichi","1"
1,"7475","nokuno","nokuno","1"
1,"17452","bob3","bob3bob3","1"
1,"10220","takah",NA,"1"
1,"11945","wakuteka","wakuteka","1"
1,"17939","ogashin","oga_shin","1"
1,"10768","khirano1",NA,"0"
1,"18084","taro-sansan",NA,"0"
1,"12044","hiro1270jpn",NA,"0"
1,"17132","take1qaz",NA,"0"
1,"1568","kuwa_tw","kuwa_tw","0"
1,"18305","sonots","sonots","0"
2,"5923","yokkuns","yokkuns","1"
2,"7653","mizutomo","mizutomo","1"
2,"17406","まちゃ",NA,"1"
2,"19170","ichikawadaisuke",NA,"1"
2,"17452","bob3","bob3bob3","1"
2,"11108","teilnehmen","teilnehmen","1"
2,"15759","oshiro40",NA,"1"
2,"17443","hamadakoichi","hamadakoichi","1"
2,"17358","akiaki5516",NA,"1"
2,"19175","aad34210",NA,"1"
2,"7475","nokuno","nokuno","1"
2,"17939","ogashin","oga_shin","1"
2,"7997","Jxck","Jxck_","1"
2,"19581","mitsudaa",NA,"1"
2,"19751","shigex",NA,"1"
2,"20007","st77261",NA,"1"
2,"20296","gof",NA,"1"
2,"20343","naotsuk",NA,"1"
2,"1468","showyou",NA,"1"
2,"20655","のぶひろ",NA,"1"
2,"20663","nob.kino＝Nikoriks",NA,"1"
3,"5923","yokkuns","yokkuns","1"
3,"17443","hamadakoichi","hamadakoichi","1"
3,"21334","所沢義男",NA,"1"
3,"4141","syou6162","syou6162","1"
3,"17452","bob3","bob3bob3","1"
3,"19175","aad34210",NA,"1"
3,"15759","oshiro40",NA,"1"
3,"21386","NAKAO Keisuke",NA,"1"
3,"1468","showyou",NA,"1"
3,"17939","ogashin","oga_shin","1"
3,"17214","keiichimaeda","keiichimaeda","1"
3,"21619","iforce777",NA,"1"
3,"17358","akiaki5516",NA,"1"
3,"17406","まちゃ",NA,"1"
3,"12282","yanashi",NA,"1"
3,"21764","halamy",NA,"1"
3,"21808","okemos",NA,"1"
3,"20663","nob.kino＝Nikoriks",NA,"1"
3,"21974","hotoku66","hotoku","1"
3,"21996","1mail2itoh3",NA,"1"
3,"22118","nsaito0615",NA,"1"
3,"13964","ahirose",NA,"1"
3,"22125","A.Eguchi",NA,"1"
3,"1462","yanaoki","yanaoki","1"
3,"4443","oskimura","oskimura","1"
3,"37557","水田孝信","takanobu_mizuta","1"
3,"14399","yuga","yuga","1"
3,"11945","wakuteka","wakuteka","1"
3,"9853","いちい386",NA,"1"
3,"20428","gabanz","x3magic","1"
3,"22283","masafumi.sano",NA,"1"
3,"22291","urabe.shin",NA,"1"
3,"22384","k-tamura",NA,"1"
3,"22400","okjam",NA,"1"
3,"22641","taku.stdy",NA,"1"
3,"5184","whym","whym","1"
3,"22912","tota","tota_rtfm","1"
3,"20397","Keiku",NA,"1"
3,"19581","mitsudaa",NA,"1"
3,"14867","karubi","karubi","1"
3,"6961","winmostar","winmostar","1"
3,"7821","minamishinji",NA,"1"
3,"23535","bonohu","bonohu","1"
3,"23516","kazfuji",NA,"1"
4,"5923","yokkuns","yokkuns","1"
4,"24436","norio3bon",NA,"1"
4,"17443","hamadakoichi","hamadakoichi","1"
4,"7475","nokuno","nokuno","1"
4,"24257","flyer",NA,"1"
4,"37557","水田孝信","takanobu_mizuta","1"
4,"21619","iforce777",NA,"1"
4,"1487","mkataigi",NA,"1"
4,"12282","yanashi",NA,"1"
4,"20454","jmaeno",NA,"1"
4,"7821","minamishinji",NA,"1"
4,"1462","yanaoki","yanaoki","1"
4,"21334","所沢義男",NA,"1"
4,"14867","karubi","karubi","1"
4,"17358","akiaki5516",NA,"1"
4,"17066","u_daisuke",NA,"1"
4,"24452","sstat3","sstat3","1"
4,"15759","oshiro40",NA,"1"
4,"24501","teramonagi","teramonagi","1"
4,"22400","okjam",NA,"1"
4,"5906","ytesaki","ytesaki","1"
4,"22384","k-tamura",NA,"1"
4,"24695","a-koike",NA,"1"
4,"20111","kohta",NA,"1"
4,"17939","ogashin","oga_shin","1"
4,"21974","hotoku66","hotoku","1"
4,"24815","mrorii",NA,"1"
4,"24899","mutual_coherence",NA,"1"
4,"24924","keigo.ky",NA,"1"
4,"25087","nagayoshi3",NA,"1"
4,"5026","itoyan",NA,"1"
4,"22156","shinobon",NA,"1"
4,"25845","tiwanaga",NA,"1"
4,"25740","hoswitch",NA,"1"
4,"15254","keizo","tabuchik","1"
5,"5923","yokkuns","yokkuns","1"
5,"20663","nob.kino＝Nikoriks",NA,"1"
5,"17443","hamadakoichi","hamadakoichi","1"
5,"24452","sstat3","sstat3","1"
5,"5026","itoyan",NA,"1"
5,"7475","nokuno","nokuno","1"
5,"6418","yatsuta","tyatsuta","1"
5,"3385","mkouhei","mkouhei","1"
5,"21334","所沢義男",NA,"1"
5,"37501","usuihiro","usuihiro","1"
5,"15759","oshiro40",NA,"1"
5,"22384","k-tamura",NA,"1"
5,"17358","akiaki5516",NA,"1"
5,"17452","bob3","bob3bob3","1"
5,"5687","tsubosaka",NA,"1"
5,"14867","karubi","karubi","1"
5,"5644","holidayworking","holidayworking","1"
5,"27537","y-shindoh","y_shindoh","1"
5,"22641","taku.stdy",NA,"1"
5,"12282","yanashi",NA,"1"
5,"27552","Mariko Matsuura",NA,"1"
5,"27558","tommy",NA,"1"
5,"27560","suzatsu",NA,"1"
5,"19581","mitsudaa",NA,"1"
5,"12300","onicchi",NA,"1"
5,"24501","teramonagi","teramonagi","1"
5,"27639","ActiveIndex",NA,"1"
5,"27645","carrion-crow","carrion_crow","1"
5,"37009","wk77","wk77","1"
5,"37427","yuya_takeyama","yuya_takeyama","1"
5,"27694","kiyo.sug",NA,"1"
5,"25087","nagayoshi3",NA,"1"
5,"22400","okjam",NA,"1"
5,"27768","augold79da",NA,"1"
5,"21764","halamy",NA,"1"
5,"27554","i31",NA,"1"
5,"28332","zhiping",NA,"1"
5,"2051","noon.lamp",NA,"1"
5,"11945","wakuteka","wakuteka","1"
5,"28722","yishii",NA,"1"
6,"5923","yokkuns","yokkuns","1"
6,"21334","所沢義男",NA,"1"
6,"17443","hamadakoichi","hamadakoichi","1"
6,"24501","teramonagi","teramonagi","1"
6,"20454","jmaeno",NA,"1"
6,"15675","dimbula",NA,"1"
6,"22641","taku.stdy",NA,"1"
6,"21764","halamy",NA,"1"
6,"29629","takanobu_mizuta",NA,"1"
6,"27537","y-shindoh","y_shindoh","1"
6,"17452","bob3","bob3bob3","1"
6,"30715","kimukou_26","kimukou_26","1"
6,"5026","itoyan",NA,"1"
6,"24452","sstat3","sstat3","1"
6,"14399","yuga","yuga","1"
6,"12800","nativecowboy","Nativecowboy","1"
6,"6418","yatsuta","tyatsuta","1"
6,"15210","download_takeshi",NA,"1"
6,"17358","akiaki5516",NA,"1"
6,"12282","yanashi",NA,"1"
6,"14867","karubi","karubi","1"
6,"21097","rindai87","rindai87","1"
6,"25087","nagayoshi3",NA,"1"
6,"7821","minamishinji",NA,"1"
6,"20663","nob.kino＝Nikoriks",NA,"1"
6,"5644","holidayworking","holidayworking","1"
6,"31562","kimiyuki","phar","1"
6,"22283","masafumi.sano",NA,"1"
6,"10046","rti7743","super_rti","1"
6,"27645","carrion-crow","carrion_crow","1"
6,"19175","aad34210",NA,"1"
6,"31601","ishioka",NA,"1"
6,"31652","フライヤ",NA,"1"
6,"28722","yishii",NA,"1"
6,"37501","usuihiro","usuihiro","1"
6,"17406","まちゃ",NA,"1"
6,"20111","kohta",NA,"1"
6,"32277","gentlementatu",NA,"1"
6,"32423","bado",NA,"1"
6,"20514","Ingham_county",NA,"1"
6,"32770","sfchaos","sfchaos","1"
6,"20142","tomokazuhattanda","tomokazuhattand","1"
6,"26580","kerakera",NA,"1"
7,"24501","teramonagi","teramonagi","1"
7,"5923","yokkuns","yokkuns","1"
7,"21334","所沢義男",NA,"1"
7,"1462","yanaoki","yanaoki","1"
7,"17443","hamadakoichi","hamadakoichi","1"
7,"15675","dimbula",NA,"1"
7,"28278","matsue",NA,"1"
7,"17452","bob3","bob3bob3","1"
7,"24452","sstat3","sstat3","1"
7,"5026","itoyan",NA,"1"
7,"25087","nagayoshi3",NA,"1"
7,"35079","じへい",NA,"1"
7,"20663","nob.kino＝Nikoriks",NA,"1"
7,"14867","karubi","karubi","1"
7,"5687","tsubosaka",NA,"1"
7,"28722","yishii",NA,"1"
7,"33366","ikuyamada",NA,"1"
7,"15759","oshiro40",NA,"1"
7,"6418","yatsuta","tyatsuta","1"
7,"17358","akiaki5516",NA,"1"
7,"20111","kohta",NA,"1"
7,"27537","y-shindoh","y_shindoh","1"
7,"24924","keigo.ky",NA,"1"
7,"20454","jmaeno",NA,"1"
7,"35237","marutom",NA,"1"
7,"35238","Quasi_quant2010","Quasi_quant2010","1"
7,"33870","cTnT",NA,"1"
7,"10046","rti7743","super_rti","1"
7,"22641","taku.stdy",NA,"1"
7,"21764","halamy",NA,"1"
7,"19175","aad34210",NA,"1"
7,"34678","fuzzysphere",NA,"1"
7,"31601","ishioka",NA,"1"
7,"31562","kimiyuki","phar","1"
7,"656","sugi_0000",NA,"1"
7,"26580","kerakera",NA,"1"
7,"32770","sfchaos","sfchaos","1"
7,"7475","nokuno","nokuno","1"
7,"17406","まちゃ",NA,"1"
7,"2269","manozo","manozo","1"
7,"14399","yuga","yuga","1"
7,"27645","carrion-crow","carrion_crow","1"
7,"23806","dada","DADA246","1"
7,"35742","sugimoriakihiro",NA,"1"
7,"37501","usuihiro","usuihiro","1"
7,"36054","idoth2o",NA,"1"
7,"36075","eizo01",NA,"1"
7,"7547","sleepy_yoshi","sleepy_yoshi","1"
8,"5923","yokkuns","yokkuns","1"
8,"24186","langstat","langstat","1"
8,"24501","teramonagi","teramonagi","1"
8,"19175","aad34210",NA,"1"
8,"5026","itoyan",NA,"1"
8,"17452","bob3","bob3bob3","1"
8,"17443","hamadakoichi","hamadakoichi","1"
8,"106055","しげっくす","shigex","1"
8,"20111","kohta",NA,"1"
8,"38622","y00suke",NA,"1"
8,"38625","actuaryjp","actuaryjp","1"
8,"20397","Keiku",NA,"1"
8,"32770","sfchaos","sfchaos","1"
8,"5644","holidayworking","holidayworking","1"
8,"24452","sstat3","sstat3","1"
8,"7475","nokuno","nokuno","1"
8,"14867","karubi","karubi","1"
8,"28722","yishii",NA,"1"
8,"38700","miyatender","Miyatender","1"
8,"35238","Quasi_quant2010","Quasi_quant2010","1"
8,"17358","akiaki5516",NA,"1"
8,"34678","fuzzysphere",NA,"1"
8,"20663","nob.kino＝Nikoriks",NA,"1"
8,"38852","aeonstorm",NA,"1"
8,"26469","sato_sato_sato",NA,"1"
8,"31601","ishioka",NA,"1"
8,"33870","cTnT",NA,"1"
8,"39262","ytoyoda","y_toyoda","1"
8,"27560","suzatsu",NA,"1"
8,"31562","kimiyuki","phar","1"
8,"17435","uokada","uokada","1"
8,"24924","keigo.ky",NA,"1"
8,"656","sugi_0000",NA,"1"
8,"39516","hirotaka26",NA,"1"
8,"24444","sleipnir",NA,"1"
8,"8275","jaisalmer992","jaisalmer992_","1"
8,"40046","Ted__Henry","Ted__Henry","1"
9,"14867","karubi","karubi","1"
9,"2269","manozo","manozo","1"
9,"24501","teramonagi","teramonagi","1"
9,"27645","carrion-crow","carrion_crow","1"
9,"31601","ishioka",NA,"1"
9,"25087","nagayoshi3",NA,"1"
9,"19175","aad34210",NA,"1"
9,"24695","a-koike",NA,"1"
9,"28722","yishii",NA,"1"
9,"34678","fuzzysphere",NA,"1"
9,"23806","dada","DADA246","1"
9,"17358","akiaki5516",NA,"1"
9,"5923","yokkuns","yokkuns","1"
9,"21764","halamy",NA,"1"
9,"20454","jmaeno",NA,"1"
9,"27537","y-shindoh","y_shindoh","1"
9,"18849","hnisiji","hnz","1"
9,"24452","sstat3","sstat3","1"
9,"14399","yuga","yuga","1"
9,"40046","Ted__Henry","Ted__Henry","1"
9,"5026","itoyan",NA,"1"
9,"17435","uokada","uokada","1"
9,"10614","just_do_neet",NA,"1"
9,"20111","kohta",NA,"1"
9,"33870","cTnT",NA,"1"
9,"6418","yatsuta","tyatsuta","1"
9,"30715","kimukou_26","kimukou_26","1"
9,"42227","Yoshiaki Sakai",NA,"1"
9,"26469","sato_sato_sato",NA,"1"
9,"27560","suzatsu",NA,"1"
9,"42369","AntiBayesian","AntiBayesian","1"
9,"24444","sleipnir",NA,"1"
9,"42505","tmzo","tmzo","1"
9,"42717","y_yammt","y_yammt","1"
9,"7475","nokuno","nokuno","1"
9,"42910","zgw21cn","zgw21cn","1"
10,"32770","sfchaos","sfchaos","1"
10,"24501","teramonagi","teramonagi","1"
10,"2269","manozo","manozo","1"
10,"5026","itoyan",NA,"1"
10,"20454","jmaeno",NA,"1"
10,"24452","sstat3","sstat3","1"
10,"19175","aad34210",NA,"1"
10,"42910","zgw21cn","zgw21cn","1"
10,"40046","Ted__Henry","Ted__Henry","1"
10,"24186","langstat","langstat","1"
10,"5923","yokkuns","yokkuns","1"
10,"24444","sleipnir",NA,"1"
10,"10220","takah",NA,"1"
10,"10046","rti7743","super_rti","1"
10,"27129","keima.yama",NA,"1"
10,"17358","akiaki5516",NA,"1"
10,"2887","koyamak",NA,"1"
10,"47816","t-ohmae",NA,"1"
10,"25087","nagayoshi3",NA,"1"
10,"17435","uokada","uokada","1"
10,"38700","miyatender","Miyatender","1"
10,"18849","hnisiji","hnz","1"
10,"42369","AntiBayesian","AntiBayesian","1"
10,"47981","mangantempy",NA,"1"
10,"17452","bob3","bob3bob3","1"
10,"17443","hamadakoichi","hamadakoichi","1"
10,"10768","khirano1",NA,"1"
10,"48877","you2000",NA,"1"
11,"58909","oreradio","oreradio","1"
11,"2269","manozo","manozo","1"
11,"30715","kimukou_26","kimukou_26","1"
11,"48818","gepuro","gepuro","1"
11,"17452","bob3","bob3bob3","1"
11,"5644","holidayworking","holidayworking","1"
11,"5026","itoyan",NA,"1"
11,"27645","carrion-crow","carrion_crow","1"
11,"51992","maitrikaruna","maitrikaruna","1"
11,"32770","sfchaos","sfchaos","1"
11,"42369","AntiBayesian","AntiBayesian","1"
11,"5923","yokkuns","yokkuns","1"
11,"21334","所沢義男",NA,"1"
11,"1462","yanaoki","yanaoki","1"
11,"42985","Nikoriks","Nikoriks","1"
11,"60410","あぐす",NA,"1"
11,"52524","mikado_hito","mikado_hito","1"
11,"15759","oshiro40",NA,"1"
11,"19175","aad34210",NA,"1"
11,"60433","taquito",NA,"1"
11,"47816","t-ohmae",NA,"1"
11,"60483","aika nojima","aikawildbird","1"
11,"46156","tetsuroito","tetsuroito","1"
11,"43404","hisawotakase","hisawotakase","1"
11,"31601","ishioka",NA,"1"
11,"52316","dubian100",NA,"1"
11,"60601","higashun","higashun","1"
11,"22279","hatappo",NA,"1"
11,"14399","yuga","yuga","1"
11,"11849","kamiyashumei","Shumei","1"
11,"50328","kawam","kawam999","1"
11,"38625","actuaryjp","actuaryjp","1"
11,"41462","mshino55","mshino55","1"
11,"17443","hamadakoichi","hamadakoichi","1"
11,"61162","pochi178","pochi178","1"
12,"17452","bob3","bob3bob3","1"
12,"58909","oreradio","oreradio","1"
12,"5923","yokkuns","yokkuns","1"
12,"42369","AntiBayesian","AntiBayesian","1"
12,"34678","fuzzysphere",NA,"1"
12,"5644","holidayworking","holidayworking","1"
12,"37557","水田孝信","takanobu_mizuta","1"
12,"49643","tatsushim","tatsushim","1"
12,"1462","yanaoki","yanaoki","1"
12,"24501","teramonagi","teramonagi","1"
12,"60601","higashun","higashun","1"
12,"21334","所沢義男",NA,"1"
12,"21084","SakaueTatsuya","sakaue","1"
12,"64312","@syoh11","syoh11","1"
12,"24186","langstat","langstat","1"
12,"64314","jalpiner","jalpiner","1"
12,"2269","manozo","manozo","1"
12,"50908","tsutatsuta","tsutatsuta","1"
12,"19175","aad34210",NA,"1"
12,"33870","cTnT",NA,"1"
12,"14867","karubi","karubi","1"
12,"32770","sfchaos","sfchaos","1"
12,"38700","miyatender","Miyatender","1"
12,"5026","itoyan",NA,"1"
12,"21764","halamy",NA,"1"
12,"17358","akiaki5516",NA,"1"
12,"43404","hisawotakase","hisawotakase","1"
12,"61964","sas20yen()","sas20yen","1"
12,"18849","hnisiji","hnz","1"
12,"15759","oshiro40",NA,"1"
12,"11849","kamiyashumei","Shumei","1"
12,"52524","mikado_hito","mikado_hito","1"
12,"64671","yst.oshrio",NA,"1"
12,"12254","matsuou1","matsuou1","1"
12,"42227","Yoshiaki Sakai",NA,"1"
12,"8174","hemge","hemge","1"
13,"19175","aad34210",NA,"1"
13,"5644","holidayworking","holidayworking","1"
13,"30715","kimukou_26","kimukou_26","1"
13,"24501","teramonagi","teramonagi","1"
13,"2269","manozo","manozo","1"
13,"48818","gepuro","gepuro","1"
13,"53209","yteruta311","yteruta311","1"
13,"61964","sas20yen()","sas20yen","1"
13,"21334","所沢義男",NA,"1"
13,"61925","suima8","suima8","1"
13,"34678","fuzzysphere",NA,"1"
13,"53153","mokjpn","mokjpn","1"
13,"12254","matsuou1","matsuou1","1"
13,"58909","oreradio","oreradio","1"
13,"5026","itoyan",NA,"1"
13,"14867","karubi","karubi","1"
13,"70092","marikod",NA,"1"
13,"17358","akiaki5516",NA,"1"
13,"50908","tsutatsuta","tsutatsuta","1"
13,"21097","rindai87","rindai87","1"
13,"5923","yokkuns","yokkuns","1"
13,"42369","AntiBayesian","AntiBayesian","1"
13,"31562","kimiyuki","phar","1"
13,"70155","ysd","ogiek_y","1"
13,"64314","jalpiner","jalpiner","1"
13,"17443","hamadakoichi","hamadakoichi","1"
13,"70160","moda",NA,"1"
13,"10046","rti7743","super_rti","1"
13,"32770","sfchaos","sfchaos","1"
13,"21686","kos59125","kos59125","1"
13,"42227","Yoshiaki Sakai",NA,"1"
13,"70189","Koji Muta",NA,"1"
13,"70190","picco","piccomick","1"
13,"38413","yuca.y","yuca","1"
13,"42582","ShimizuJirocho","ShimizuJirocho","1"
13,"70227","jora",NA,"1"
13,"70249","yokumura",NA,"1"
13,"70325","T.Arahori",NA,"1"
13,"70327","ふゆきち","fuyukitisan","1"
13,"23921","mail2tac",NA,"1"
13,"15759","oshiro40",NA,"1"
13,"50541","kingqwert","kingqwert","1"
13,"2887","koyamak",NA,"1"
13,"51992","maitrikaruna","maitrikaruna","1"
13,"70652","Keiku322","Keiku","1"
13,"70749","Hiromatsu",NA,"1"
13,"11945","wakuteka","wakuteka","1"
13,"71010","ksugi",NA,"1"
13,"53114","_kohta","_kohta","1"
13,"71155","asozure","asozure","1"
13,"60667","akinosugi","akinosugi","1"
13,"71365","thinkring","thinkring","1"
13,"71369","eztoyoda",NA,"1"
13,"71391","ayacova","ayacova","1"
13,"71418","iPad","iPadAppsTokyo","1"
13,"71617","teruu","teruu","1"
13,"32288","a_bicky","a_bicky","1"
13,"7475","nokuno","nokuno","1"
14,"17358","akiaki5516",NA,"1"
14,"5644","holidayworking","holidayworking","1"
14,"48818","gepuro","gepuro","1"
14,"51153","lawmn","lawmn","1"
14,"5923","yokkuns","yokkuns","1"
14,"12254","matsuou1","matsuou1","1"
14,"24186","langstat","langstat","1"
14,"61925","suima8","suima8","1"
14,"52316","dubian100",NA,"1"
14,"34678","fuzzysphere",NA,"1"
14,"75485","isseing333","isseing333","1"
14,"75488","atgmacontnd",NA,"1"
14,"32770","sfchaos","sfchaos","1"
14,"17452","bob3","bob3bob3","1"
14,"71708","__youki__","__youki__","1"
14,"42985","Nikoriks","Nikoriks","1"
14,"52524","mikado_hito","mikado_hito","1"
14,"36075","eizo01",NA,"1"
14,"47113","riem",NA,"1"
14,"71155","asozure","asozure","1"
14,"5387","hiratake55","hiratake55","1"
14,"75427","akyao","akyao","1"
14,"53114","_kohta","_kohta","1"
14,"70749","Hiromatsu",NA,"1"
14,"2887","koyamak",NA,"1"
14,"75608","840kg","840kg","1"
14,"75657","Nekopuni","Nekopuni_","1"
14,"50487","tempy","min_res","1"
14,"12281","shun0102",NA,"1"
15,"2269","manozo","manozo","1"
15,"48818","gepuro","gepuro","1"
15,"17443","hamadakoichi","hamadakoichi","1"
15,"21334","所沢義男",NA,"1"
15,"5923","yokkuns","yokkuns","1"
15,"20454","jmaeno",NA,"1"
15,"50487","tempy","min_res","1"
15,"6418","yatsuta","tyatsuta","1"
15,"19175","aad34210",NA,"1"
15,"5644","holidayworking","holidayworking","1"
15,"17358","akiaki5516",NA,"1"
15,"24501","teramonagi","teramonagi","1"
15,"52524","mikado_hito","mikado_hito","1"
15,"1468","showyou",NA,"1"
15,"41462","mshino55","mshino55","1"
15,"61964","sas20yen()","sas20yen","1"
15,"8275","jaisalmer992","jaisalmer992_","1"
15,"79617","あんちべ","AntiBayes","1"
15,"80241","msei01",NA,"1"
15,"52999","uorat","uorat","1"
15,"75488","atgmacontnd",NA,"1"
15,"71155","asozure","asozure","1"
15,"12254","matsuou1","matsuou1","1"
15,"38689","doryokujin","doryokujin","1"
15,"73748","jiro_1978",NA,"1"
15,"30715","kimukou_26","kimukou_26","1"
15,"80290","kenzrx",NA,"1"
15,"80327","Salam Khan",NA,"1"
15,"39894","understeer","understeer","1"
15,"53114","_kohta","_kohta","1"
15,"75608","840kg","840kg","1"
15,"2887","koyamak",NA,"1"
15,"59261","primnum","primnum","1"
15,"80398","iwanaga",NA,"1"
15,"13949","wdkz","wdkz","1"
15,"58909","oreradio","oreradio","1"
15,"72183","nagaet","nagaet","1"
15,"27645","carrion-crow","carrion_crow","1"
15,"51607","zanjibar","zanjibar","1"
15,"42974","tkshf","fdxi","1"
15,"80774","tkshakmt",NA,"1"
15,"80834","midsan",NA,"1"
16,"5644","holidayworking","holidayworking","1"
16,"21334","所沢義男",NA,"1"
16,"5923","yokkuns","yokkuns","1"
16,"10614","just_do_neet",NA,"1"
16,"13949","wdkz","wdkz","1"
16,"80290","kenzrx",NA,"1"
16,"87177","keny81","kenichi_Su","1"
16,"60433","taquito",NA,"1"
16,"50487","tempy","min_res","1"
16,"50541","kingqwert","kingqwert","1"
16,"51153","lawmn","lawmn","1"
16,"70139","hereticreader","hereticreader","1"
16,"21097","rindai87","rindai87","1"
16,"40925","naritakke","naritakke","1"
16,"38625","actuaryjp","actuaryjp","1"
16,"6418","yatsuta","tyatsuta","1"
16,"87184","yuuukioii","Yuuukioii","1"
16,"75488","atgmacontnd",NA,"1"
16,"70749","Hiromatsu",NA,"1"
16,"2887","koyamak",NA,"1"
16,"58909","oreradio","oreradio","1"
16,"62746","山本たかし","tpyamamoto","1"
16,"83547","kenchan0130_aki","kenchan0130","1"
16,"84960","gsd","gsd","1"
16,"53209","yteruta311","yteruta311","1"
16,"87255","shirokuma","misaoff","1"
16,"17452","bob3","bob3bob3","1"
16,"87274","doradora09","doradora09","1"
16,"28100","tokk",NA,"1"
16,"38700","miyatender","Miyatender","1"
16,"52524","mikado_hito","mikado_hito","1"
16,"87355","3bon","3bon","1"
16,"58490","oshiro","oshiro40","1"
16,"5026","itoyan",NA,"1"
16,"87405","masatoh",NA,"1"
16,"87523","horihorio","horihorio","1"
16,"32288","a_bicky","a_bicky","1"
16,"17443","hamadakoichi","hamadakoichi","1"
16,"87661","はちみつ","toyoken124","1"
16,"53170","jinmensou","jinmensou","1"
16,"42985","Nikoriks","Nikoriks","1"
16,"23921","mail2tac",NA,"1"
16,"87866","otanet123","otanet","1"
17,"21686","kos59125","kos59125","1"
17,"48818","gepuro","gepuro","1"
17,"81718","tsukihissa","tsukihissa","1"
17,"83547","kenchan0130_aki","kenchan0130","1"
17,"65065","kano4","kano4","1"
17,"5644","holidayworking","holidayworking","1"
17,"5026","itoyan",NA,"1"
17,"71909","Yoshio Tokorosawa","dichika","1"
17,"50487","tempy","min_res","1"
17,"2269","manozo","manozo","1"
17,"89984","Tminoda",NA,"1"
17,"75357","millionsmile","millionsmile","1"
17,"85259","takako87","deardream0118","1"
17,"52897","takemikami","takemikami","1"
17,"90376","yasutoshi",NA,"1"
17,"24501","teramonagi","teramonagi","1"
17,"70652","Keiku322","Keiku","1"
17,"24186","langstat","langstat","1"
17,"17452","bob3","bob3bob3","1"
17,"75485","isseing333","isseing333","1"
17,"5687","tsubosaka",NA,"1"
17,"75488","atgmacontnd",NA,"1"
17,"70749","Hiromatsu",NA,"1"
17,"31562","kimiyuki","phar","1"
17,"5923","yokkuns","yokkuns","1"
17,"84896","gerumanium3_2","gerumanium3_2","1"
17,"75657","Nekopuni","Nekopuni_","1"
17,"90538","antiplastics","antiplastics","1"
17,"59261","primnum","primnum","1"
17,"37164","ksk326","ksk326","1"
17,"11849","kamiyashumei","Shumei","1"
17,"87184","yuuukioii","Yuuukioii","1"
17,"28100","tokk",NA,"1"
17,"90564","she_knows_a_key","she_knows_a_key","1"
17,"81797","Kentz","kent_sak","1"
17,"87866","otanet123","otanet","1"
17,"33870","cTnT",NA,"1"
17,"6418","yatsuta","tyatsuta","1"
17,"79848","itochu0523","itochu0523","1"
17,"8275","jaisalmer992","jaisalmer992_","1"
17,"83237","mathfur","mathfur","1"
17,"20261","zaoriku0","zaoriku0","1"
17,"52524","mikado_hito","mikado_hito","1"
17,"50908","tsutatsuta","tsutatsuta","1"
17,"50541","kingqwert","kingqwert","1"
17,"3873","horiyasu","horiuchi","1"
17,"89813","gen_hsnmy","gen_hsnmy","1"
17,"17443","hamadakoichi","hamadakoichi","1"
17,"25087","nagayoshi3",NA,"1"
17,"2887","koyamak",NA,"1"
17,"80656","handyfox","_handyfox","1"
17,"90753","Oezy","Oezy_k","1"
17,"11945","wakuteka","wakuteka","1"
17,"42227","Yoshiaki Sakai",NA,"1"
17,"90829","くんち",NA,"1"
17,"16026","ogawatetsuo14",NA,"1"
17,"34678","fuzzysphere",NA,"1"
17,"87405","masatoh",NA,"1"
17,"79149","tishi",NA,"1"
17,"51153","lawmn","lawmn","1"
18,"25087","nagayoshi3",NA,"1"
18,"5923","yokkuns","yokkuns","1"
18,"71909","Yoshio Tokorosawa","dichika","1"
18,"40046","Ted__Henry","Ted__Henry","1"
18,"27645","carrion-crow","carrion_crow","1"
18,"71391","ayacova","ayacova","1"
18,"5644","holidayworking","holidayworking","1"
18,"70749","Hiromatsu",NA,"1"
18,"71617","teruu","teruu","1"
18,"87523","horihorio","horihorio","1"
18,"24452","sstat3","sstat3","1"
18,"20261","zaoriku0","zaoriku0","1"
18,"93912","ふゆき",NA,"1"
18,"83547","kenchan0130_aki","kenchan0130","1"
18,"93920","sumipan11",NA,"1"
18,"2269","manozo","manozo","1"
18,"23921","mail2tac",NA,"1"
18,"93927","mari89","nmariko_bot","1"
18,"93934","fuji_fujimon","fuji_fujimon","1"
18,"20454","jmaeno",NA,"1"
18,"27129","keima.yama",NA,"1"
18,"75357","millionsmile","millionsmile","1"
18,"2913","Yas_I",NA,"1"
18,"80290","kenzrx",NA,"1"
18,"18849","hnisiji","hnz","1"
18,"75488","atgmacontnd",NA,"1"
18,"19175","aad34210",NA,"1"
18,"61964","sas20yen()","sas20yen","1"
18,"87405","masatoh",NA,"1"
18,"94069","adfive",NA,"1"
18,"55029","ingham_county48825","Ingham_county","1"
18,"89813","gen_hsnmy","gen_hsnmy","1"
18,"94091","nobyt",NA,"1"
18,"46303","mattun_s15",NA,"1"
18,"2887","koyamak",NA,"1"
18,"87274","doradora09","doradora09","1"
18,"94152","mathfulu",NA,"1"
18,"2932","tetsuyai",NA,"1"
18,"15759","oshiro40",NA,"1"
18,"94262","nyanchu",NA,"1"
18,"85259","takako87","deardream0118","1"
18,"87866","otanet123","otanet","1"
18,"50541","kingqwert","kingqwert","1"
18,"80494","Shinya_131","shinya_131","1"
18,"13949","wdkz","wdkz","1"
18,"94513","こげすけ",NA,"1"
18,"94585","s-miura",NA,"1"
18,"52897","takemikami","takemikami","1"
18,"94987","ほどほど人",NA,"1"
19,"5644","holidayworking","holidayworking","1"
19,"13949","wdkz","wdkz","1"
19,"79724","suginoko","gdg00431","1"
19,"94585","s-miura",NA,"1"
19,"87274","doradora09","doradora09","1"
19,"93934","fuji_fujimon","fuji_fujimon","1"
19,"83547","kenchan0130_aki","kenchan0130","1"
19,"21334","所沢義男",NA,"1"
19,"87523","horihorio","horihorio","1"
19,"21686","kos59125","kos59125","1"
19,"81990","sla","sla","1"
19,"87866","otanet123","otanet","1"
19,"42153","unaoto","NaotoUsuyama","1"
19,"46156","tetsuroito","tetsuroito","1"
19,"42227","Yoshiaki Sakai",NA,"1"
19,"98571","Hiro_macchan","Hiro_macchan","1"
19,"52897","takemikami","takemikami","1"
19,"98610","kktokk","K_T_O_K","1"
19,"75488","atgmacontnd",NA,"1"
19,"21097","rindai87","rindai87","1"
19,"98483","hitoshi.o",NA,"1"
19,"94069","adfive",NA,"1"
20,"87866","otanet123","otanet","1"
20,"71909","Yoshio Tokorosawa","dichika","1"
20,"14867","karubi","karubi","1"
20,"30715","kimukou_26","kimukou_26","1"
20,"2269","manozo","manozo","1"
20,"5923","yokkuns","yokkuns","1"
20,"21151","quarterkota","quarterkota","1"
20,"24501","teramonagi","teramonagi","1"
20,"107908","kazuki.yoshida",NA,"1"
20,"107909","sumipan_","sumipan","1"
20,"52316","dubian100",NA,"1"
20,"5026","itoyan",NA,"1"
20,"32770","sfchaos","sfchaos","1"
20,"6418","yatsuta","tyatsuta","1"
20,"52524","mikado_hito","mikado_hito","1"
20,"89813","gen_hsnmy","gen_hsnmy","1"
20,"59031","you1025","you_s1025","1"
20,"93912","ふゆき",NA,"1"
20,"53114","_kohta","_kohta","1"
20,"82941","obnym","obnym","1"
20,"107989","otsuki","otsukikazuhiko","1"
20,"87691","t_iwakawa","hogehiko","1"
20,"99832","wmurase","wmurase","1"
20,"100799","Akihiro Kasahara","Aki_Kasahara","1"
20,"108013","atg",NA,"1"
20,"19175","aad34210",NA,"1"
20,"43404","hisawotakase","hisawotakase","1"
20,"97676","nissie",NA,"1"
20,"42227","Yoshiaki Sakai",NA,"1"
20,"25492","謎のクマしゃん","pcmaster","1"
20,"17452","bob3","bob3bob3","1"
20,"100925","jingbay","jingbay","1"
20,"70412","coroMonta","coroMonta","1"
21,"24186","langstat","langstat","1"
21,"71909","Yoshio Tokorosawa","dichika","1"
21,"87523","horihorio","horihorio","1"
21,"14399","yuga","yuga","1"
21,"24501","teramonagi","teramonagi","1"
21,"5923","yokkuns","yokkuns","1"
21,"93912","ふゆき",NA,"1"
21,"52524","mikado_hito","mikado_hito","1"
21,"17452","bob3","bob3bob3","1"
21,"80494","Shinya_131","shinya_131","1"
21,"97676","nissie",NA,"1"
21,"98571","Hiro_macchan","Hiro_macchan","1"
21,"105049","G.O.R.N","gorn","1"
21,"87274","doradora09","doradora09","1"
21,"59031","you1025","you_s1025","1"
21,"87691","t_iwakawa","hogehiko","1"
21,"107764","Naru777",NA,"1"
21,"13949","wdkz","wdkz","1"
21,"19175","aad34210",NA,"1"
21,"5644","holidayworking","holidayworking","1"
21,"52897","takemikami","takemikami","1"
21,"97825","arshavin0909","hem_hems","1"
21,"99832","wmurase","wmurase","1"
21,"104805","PE_kww",NA,"1"
21,"109982","るんぴ",NA,"1"
21,"89813","gen_hsnmy","gen_hsnmy","1"
21,"93934","fuji_fujimon","fuji_fujimon","1"
21,"110662","Thoru Kurachi","kurachi_thoru","1"
21,"83547","kenchan0130_aki","kenchan0130","1"
21,"75907","modeelf","modeelf","1"
21,"100799","Akihiro Kasahara","Aki_Kasahara","1"
21,"20261","zaoriku0","zaoriku0","1"
21,"94069","adfive",NA,"1"
21,"112599","H.OXNPA",NA,"1"
21,"11022","ixixi","ixixi","1"
21,"13166","yurayuramen",NA,"1"
21,"54257","libitte",NA,"1"
21,"113480","motokikk","motokikk","1"
21,"108013","atg",NA,"1"
21,"14867","karubi","karubi","1"
21,"75357","millionsmile","millionsmile","1"
21,"82941","obnym","obnym","1"
21,"37893","s_tkns","s_tkns","1"
21,"10349","toshi.k","toshi_k","1"
21,"25492","謎のクマしゃん","pcmaster","1"
21,"114261","beiyame","buhidayo","1"
21,"114417","maririnnh","Maririnnh","1"
21,"22641","taku.stdy",NA,"1"
22,"52107","nntsugu_","nntsugu","1"
22,"103611","notti","noda_sin","1"
22,"87523","horihorio","horihorio","1"
22,"59031","you1025","you_s1025","1"
22,"11022","ixixi","ixixi","1"
22,"33366","ikuyamada",NA,"1"
22,"114534","ta2c","ta2c","1"
22,"78858","akhtommy","akhtommy","1"
22,"108013","atg",NA,"1"
22,"69482","biwacha3","biwacha","1"
22,"2269","manozo","manozo","1"
22,"20261","zaoriku0","zaoriku0","1"
22,"94069","adfive",NA,"1"
22,"51099","mrt_akm","mrt_akfm","1"
22,"79280","akkira1020","akkira1020","1"
22,"83547","kenchan0130_aki","kenchan0130","1"
22,"104733","t_otoda","t_otoda","1"
22,"114417","maririnnh","Maririnnh","1"
22,"46156","tetsuroito","tetsuroito","1"
22,"52524","mikado_hito","mikado_hito","1"
22,"114743","暇人2世","himajin_2nd","1"
22,"80656","handyfox","_handyfox","1"
22,"89813","gen_hsnmy","gen_hsnmy","1"
22,"27318","disktnk","disktnk","1"
22,"5026","itoyan",NA,"1"
22,"17452","bob3","bob3bob3","1"
22,"93934","fuji_fujimon","fuji_fujimon","1"
22,"43404","hisawotakase","hisawotakase","1"
22,"42985","Nikoriks","Nikoriks","1"
22,"116942","azaazato","azaazato","1"
22,"102046","minomino100","minomino100","1"
22,"117826","sakae_kamizato","mainitinori","1"
22,"76653","D.CHaaaN","d_chaaan","1"
22,"41249","YOUG","YOUG_BB","1"
22,"21084","SakaueTatsuya","sakaue","1"
22,"113373","下　山","erishimoyama","1"
22,"98571","Hiro_macchan","Hiro_macchan","1"
22,"118085","@ActuaryDay","ActuaryDay","1"
22,"97676","nissie",NA,"1"
22,"118189","oni_field","oni_field","1"
22,"6047","n_shuyo","shuyo","1"
22,"96097","ytsejam5","ytsejam5","1"
22,"118456","kuwaken",NA,"1"
22,"105049","G.O.R.N","gorn","1"
22,"5387","hiratake55","hiratake55","1"
22,"21686","kos59125","kos59125","1"
22,"5923","yokkuns","yokkuns","1"
22,"52897","takemikami","takemikami","1"
22,"120155","Prunus1350","Prunus1350","1"
22,"120259","tukutuku",NA,"1"
22,"100799","Akihiro Kasahara","Aki_Kasahara","1"
22,"10374","jar2",NA,"1"
22,"51607","zanjibar","zanjibar","1"
22,"48818","gepuro","gepuro","1"
22,"54282","miwachan",NA,"1"
22,"118915","micchi","sleeping_michi","1"
22,"61653","kogecoo","kogecoo","1"
22,"120743","yupio",NA,"1"
22,"120796","fukuyamakz",NA,"1"
22,"82941","obnym","obnym","1"
22,"46303","mattun_s15",NA,"1"
22,"56980","ts_3156",NA,"1"
22,"87274","doradora09","doradora09","1"
22,"16496","ysaito","ysaito8015","1"
22,"51853","big_2nd","big_2nd","1"
22,"121212","christopher226","Christopher226","1"
22,"80248","k_h_h_d_y","alice_yenge","1"
22,"113534","ichiban",NA,"1"
22,"61964","sas20yen()","sas20yen","1"
22,"121539","mamoru",NA,"1"
22,"83656","kawamura80","kana_ycn","1"
22,"58051","masaking01","masaking01","1"
22,"52316","dubian100",NA,"1"
22,"122142","kaz_yos","kaz_yos","1"
22,"90808","toma3","tk_tomaru","1"
22,"101404","takizawa","takizawa","1"
23,"118456","kuwaken",NA,"1"
23,"19175","aad34210",NA,"1"
23,"120155","Prunus1350","Prunus1350","1"
23,"10374","jar2",NA,"1"
23,"87523","horihorio","horihorio","1"
23,"87274","doradora09","doradora09","1"
23,"94069","adfive",NA,"1"
23,"24501","teramonagi","teramonagi","1"
23,"52316","dubian100",NA,"1"
23,"122151","BPL","BluePhoenixLab","1"
23,"104733","t_otoda","t_otoda","1"
23,"118085","@ActuaryDay","ActuaryDay","1"
23,"51607","zanjibar","zanjibar","1"
23,"52524","mikado_hito","mikado_hito","1"
23,"71909","Yoshio Tokorosawa","dichika","1"
23,"83547","kenchan0130_aki","kenchan0130","1"
23,"51153","lawmn","lawmn","1"
23,"7568","nowroot",NA,"1"
23,"51099","mrt_akm","mrt_akfm","1"
23,"122242","kenzrx1",NA,"1"
23,"114534","ta2c","ta2c","1"
23,"60433","taquito",NA,"1"
23,"42985","Nikoriks","Nikoriks","1"
23,"108013","atg",NA,"1"
23,"122288","唐澤英長",NA,"1"
23,"17452","bob3","bob3bob3","1"
23,"42505","tmzo","tmzo","1"
23,"122142","kaz_yos","kaz_yos","1"
23,"122295","MetallicanX","MetallicanX","1"
23,"21686","kos59125","kos59125","1"
23,"28722","yishii",NA,"1"
23,"98571","Hiro_macchan","Hiro_macchan","1"
23,"32770","sfchaos","sfchaos","1"
23,"65907","soultoru","soultoru","1"
23,"5644","holidayworking","holidayworking","1"
23,"113373","下　山","erishimoyama","1"
23,"122325","sebisawa-private",NA,"1"
23,"122328","wada.k",NA,"1"
23,"2887","koyamak",NA,"1"
23,"5923","yokkuns","yokkuns","1"
23,"122341","ken5com","ken5com","1"
23,"61964","sas20yen()","sas20yen","1"
23,"19016","promisedhill",NA,"1"
23,"122364","YOUG_XX","YOUG_XX","1"
23,"30715","kimukou_26","kimukou_26","1"
23,"111267","nobi000","nobi000","1"
23,"122373","akopochi",NA,"1"
23,"91705","t=YUI",NA,"1"
23,"13949","wdkz","wdkz","1"
23,"97311","keimai",NA,"1"
23,"122473","daikirin_info","daikirin_info","1"
23,"76653","D.CHaaaN","d_chaaan","1"
23,"25878","sukoyakarizumu",NA,"1"
23,"50859","shnya_m","shnya_m","1"
23,"91587","ryojiminami","ryojiminami","1"
23,"100744","天才白菜","bae_j","1"
23,"82941","obnym","obnym","1"
23,"112729","Koichiro Tsukamoto","guts_koukun","1"
23,"122767","ImamuR",NA,"1"
23,"122775","predictor.a",NA,"1"
23,"42227","Yoshiaki Sakai",NA,"1"
23,"107989","otsuki","otsukikazuhiko","1"
23,"23311","S.Takada",NA,"1"
23,"122453","gurohiko",NA,"1"
23,"16496","ysaito","ysaito8015","1"
23,"122870","Nakhirot",NA,"1"
23,"48818","gepuro","gepuro","1"
23,"122913","きゃびあ","forward_rate","1"
23,"122920","Ryo.Takahashi",NA,"1"
23,"122938","y2y",NA,"1"
23,"122992","shinko maekawa","shinkomae","1"
23,"121000","ytra",NA,"1"
23,"16088","oka.yusuke",NA,"1"
23,"102374","07c00","07c00","1"
23,"109362","pandasan",NA,"1"
23,"57251","nanofi","white_output","1"
23,"115589","murasaki8823","murasaki8823","1"
23,"105049","G.O.R.N","gorn","1"
23,"21247","takazo",NA,"1"
23,"57793","Rico","RicoImazu","1"
23,"107224","nao99999","nao99999","1"
23,"121230","ABZ",NA,"1"
23,"10198","ferrylikeboy",NA,"1"
23,"8401","ramuji.kato","chibiramuji","1"
23,"125311","keiji ehara",NA,"1"
23,"101145","まにゅ",NA,"1"
24,"120155","Prunus1350","Prunus1350","1"
24,"114534","ta2c","ta2c","1"
24,"5644","holidayworking","holidayworking","1"
24,"83547","kenchan0130_aki","kenchan0130","1"
24,"123338","kingyokkun","kingyokkun","1"
24,"25878","sukoyakarizumu",NA,"1"
24,"94069","adfive",NA,"1"
24,"51099","mrt_akm","mrt_akfm","1"
24,"113373","下　山","erishimoyama","1"
24,"111267","nobi000","nobi000","1"
24,"51607","zanjibar","zanjibar","1"
24,"98571","Hiro_macchan","Hiro_macchan","1"
24,"107989","otsuki","otsukikazuhiko","1"
24,"122364","YOUG_XX","YOUG_XX","1"
24,"14867","karubi","karubi","1"
24,"126312","moguonyanko","moguonyanko","1"
24,"65466","mkataigi1","mkataigi","1"
24,"2269","manozo","manozo","1"
24,"100799","Akihiro Kasahara","Aki_Kasahara","1"
24,"122295","MetallicanX","MetallicanX","1"
24,"16496","ysaito","ysaito8015","1"
24,"118456","kuwaken",NA,"1"
24,"127692","mitz321","argyle320","1"
24,"118085","@ActuaryDay","ActuaryDay","1"
24,"92211","tashirohiro4","infinityth4","1"
24,"106169","山名将之","MasayukiYamana","1"
24,"108013","atg",NA,"1"
24,"42985","Nikoriks","Nikoriks","1"
24,"65907","soultoru","soultoru","1"
24,"46303","mattun_s15",NA,"1"
24,"87274","doradora09","doradora09","1"
24,"85010","nbuy","nbuy","1"
24,"7568","nowroot",NA,"1"
24,"18249","komiya_atsushi","komiya_atsushi","1"
24,"129775","shin.arias","shin_arkw","1"
24,"19175","aad34210",NA,"1"
24,"52316","dubian100",NA,"1"
24,"32770","sfchaos","sfchaos","1"
24,"5923","yokkuns","yokkuns","1"
25,"120155","Prunus1350","Prunus1350","1"
25,"71909","Yoshio Tokorosawa","dichika","1"
25,"121000","ytra",NA,"1"
25,"94069","adfive",NA,"1"
25,"24501","teramonagi","teramonagi","1"
25,"118915","micchi","sleeping_michi","1"
25,"118085","@ActuaryDay","ActuaryDay","1"
25,"2269","manozo","manozo","1"
25,"13949","wdkz","wdkz","1"
25,"87523","horihorio","horihorio","1"
25,"52316","dubian100",NA,"1"
25,"129105","yondobo",NA,"1"
25,"76435","otani_yuji",NA,"1"
25,"100799","Akihiro Kasahara","Aki_Kasahara","1"
25,"121230","ABZ",NA,"1"
25,"17452","bob3","bob3bob3","1"
25,"51607","zanjibar","zanjibar","1"
25,"127731","yama_pon08",NA,"1"
25,"126569","albatrosary","albatrosary","1"
25,"51853","big_2nd","big_2nd","1"
25,"106747","KoyamaKei","KoyamaKei_","1"
25,"40428","replo","replore","1"
25,"102193","quattro_4","quattro_4","1"
25,"105049","G.O.R.N","gorn","1"
25,"97311","keimai",NA,"1"
25,"80209","hidekey","n_hidekey","1"
25,"54282","miwachan",NA,"1"
25,"30715","kimukou_26","kimukou_26","1"
25,"131602","tmiya76","tmiya76","1"
25,"46156","tetsuroito","tetsuroito","1"
25,"5923","yokkuns","yokkuns","1"
25,"87274","doradora09","doradora09","1"
25,"70652","Keiku322","Keiku","1"
25,"71617","teruu","teruu","1"
25,"87661","はちみつ","toyoken124","1"
25,"10198","ferrylikeboy",NA,"1"
25,"79848","itochu0523","itochu0523","1"
25,"45051","karate405","karate405","1"
25,"131131","akkikiki","akkikiki","1"
25,"80838","keaton","motake2010","1"
25,"131628","Todaythedaytoday","tomorrowaki","1"
25,"132064","じーにょ",NA,"1"
25,"70139","hereticreader","hereticreader","1"
25,"47212","eiiches","eiiches","1"
25,"98571","Hiro_macchan","Hiro_macchan","1"
25,"132078","sanoche16","sanoche16","1"
25,"65907","soultoru","soultoru","1"
26,"51138","しぶき","sibukixxx","1"
26,"80290","kenzrx",NA,"1"
26,"54282","miwachan",NA,"1"
26,"65738","9renpoto","9renpoto","1"
26,"132552","shyamagami",NA,"1"
26,"102374","07c00","07c00","1"
26,"130971","mathfuru3",NA,"1"
26,"132554","chikudaisei","chikudaisei","1"
26,"42985","Nikoriks","Nikoriks","1"
26,"120796","fukuyamakz",NA,"1"
26,"132561","pyonsan99","pyonsan99","1"
26,"92211","tashirohiro4","infinityth4","1"
26,"132568","Onion2104",NA,"1"
26,"71617","teruu","teruu","1"
26,"132565","きよつか","ki_1013","1"
26,"2269","manozo","manozo","1"
26,"94069","adfive",NA,"1"
26,"85469","Yoshi-Take",NA,"1"
26,"51099","mrt_akm","mrt_akfm","1"
26,"132641","eijitoyama",NA,"1"
26,"132645","and.r",NA,"1"
26,"120155","Prunus1350","Prunus1350","1"
26,"126569","albatrosary","albatrosary","1"
26,"59031","you1025","you_s1025","1"
26,"68016","ippei.aki",NA,"1"
26,"127692","mitz321","argyle320","1"
26,"11041","tatsuya.fukata","fukata","1"
26,"19175","aad34210",NA,"1"
26,"65907","soultoru","soultoru","1"
26,"133288","REDBUL:L",NA,"1"
26,"91705","t=YUI",NA,"1"
26,"132692","miktanak",NA,"1"
26,"52316","dubian100",NA,"1"
26,"47212","eiiches","eiiches","1"
26,"127080","teru3teru6","teru3teru6","1"
26,"105779","chii09300405","chii09300405","1"
26,"133686","m.m",NA,"1"
26,"48818","gepuro","gepuro","1"
26,"133743","hirohisa_s","hirohisa_s","1"
26,"51607","zanjibar","zanjibar","1"
26,"133814","しゅれでぃんがー",NA,"1"
26,"26015","rhr0k",NA,"1"
26,"122767","ImamuR",NA,"1"
26,"134091","N.Tetsu",NA,"1"
26,"13949","wdkz","wdkz","1"
26,"5923","yokkuns","yokkuns","1"
26,"134287","tantanmen",NA,"1"
26,"87274","doradora09","doradora09","1"
26,"8313","matsumoto.seiichi",NA,"1"
26,"128181","sat_","sachiotomita","1"
26,"127731","yama_pon08",NA,"1"
26,"134096","moccccccccc","porkkori","1"
26,"98571","Hiro_macchan","Hiro_macchan","1"
26,"125456","motivic","motivic_","1"
26,"132078","sanoche16","sanoche16","1"
26,"108013","atg",NA,"1"
26,"10679","moonstruckdrops",NA,"1"
27,"5644","holidayworking","holidayworking","1"
27,"24501","teramonagi","teramonagi","1"
27,"134287","tantanmen",NA,"1"
27,"134096","moccccccccc","porkkori","1"
27,"71909","Yoshio Tokorosawa","dichika","1"
27,"109045","stkn_bb","stkn_bb","1"
27,"24452","sstat3","sstat3","1"
27,"132078","sanoche16","sanoche16","1"
27,"118085","@ActuaryDay","ActuaryDay","1"
27,"65907","soultoru","soultoru","1"
27,"19175","aad34210",NA,"1"
27,"118456","kuwaken",NA,"1"
27,"51607","zanjibar","zanjibar","1"
27,"122767","ImamuR",NA,"1"
27,"75357","millionsmile","millionsmile","1"
27,"125313","takabailando","takabailando","1"
27,"35237","marutom",NA,"1"
27,"89813","gen_hsnmy","gen_hsnmy","1"
27,"26015","rhr0k",NA,"1"
27,"124573","KanSakamoto","KanSAKAMOTO","1"
27,"80290","kenzrx",NA,"1"
27,"114417","maririnnh","Maririnnh","1"
27,"94069","adfive",NA,"1"
27,"122775","predictor.a",NA,"1"
27,"5950","tkawachi",NA,"1"
27,"52325","Nobu884","kinisn","1"
27,"85469","Yoshi-Take",NA,"1"
27,"8313","matsumoto.seiichi",NA,"1"
27,"108013","atg",NA,"1"
27,"136550","goaki","goaki","1"
27,"126569","albatrosary","albatrosary","1"
27,"102374","07c00","07c00","1"
27,"30715","kimukou_26","kimukou_26","1"
27,"119004","pedro",NA,"1"
27,"136880","daigo3828","daigo3828","1"
27,"21744","sugi","sugi_0000","1"
27,"13949","wdkz","wdkz","1"
27,"16142","ponpoko1968","ponpoko1968","1"
27,"17452","bob3","bob3bob3","1"
27,"52524","mikado_hito","mikado_hito","1"
27,"71617","teruu","teruu","1"
27,"43214","tattyamm_","tattyamm","1"
27,"22555","kon_yu","kon_yu","1"
27,"74142","hazex1981","HAZEX1981","1"
27,"120155","Prunus1350","Prunus1350","1"
27,"121000","ytra",NA,"1"
27,"37823","djakarta_trap","djakarta_trap","1"
27,"102193","quattro_4","quattro_4","1"
27,"131131","akkikiki","akkikiki","1"
27,"105049","G.O.R.N","gorn","1"
27,"89464","PlantedEarth","PlantEarth","1"
27,"137549","Toshi_Shirakawa","toshi_shirakawa","1"
27,"87274","doradora09","doradora09","1"
28,"124573","KanSakamoto","KanSAKAMOTO","1"
28,"24452","sstat3","sstat3","1"
28,"19175","aad34210",NA,"1"
28,"17452","bob3","bob3bob3","1"
28,"65907","soultoru","soultoru","1"
28,"132078","sanoche16","sanoche16","1"
28,"37823","djakarta_trap","djakarta_trap","1"
28,"51607","zanjibar","zanjibar","1"
28,"126569","albatrosary","albatrosary","1"
28,"127731","yama_pon08",NA,"1"
28,"142640","K.Kaz","kussuu000","1"
28,"80290","kenzrx",NA,"1"
28,"41462","mshino55","mshino55","1"
28,"15376","はっとり","tomoyukihattori","1"
28,"142672","srctaha","srctaha","1"
28,"16088","oka.yusuke",NA,"1"
28,"7568","nowroot",NA,"1"
28,"142714","menphis_feel","menphis_feel","1"
28,"47212","eiiches","eiiches","1"
28,"142718","田畑直",NA,"1"
28,"123475","makiosan",NA,"1"
28,"127692","mitz321","argyle320","1"
28,"142822","nezuQ","nezuq","1"
28,"142829","mikiya0417","mikiya0417","1"
28,"122210","h_chujo","h_chujo","1"
28,"139580","msakano",NA,"1"
28,"91950","satoshiorin","satoshiorin","1"
28,"142904","matsumoto_",NA,"1"
28,"142884","whiteout","whiteoutS","1"
28,"127080","teru3teru6","teru3teru6","1"
28,"139578","banhiro",NA,"1"
28,"13949","wdkz","wdkz","1"
28,"5644","holidayworking","holidayworking","1"
28,"53597","ryoo17","ryoo17","1"
28,"52897","takemikami","takemikami","1"
28,"139547","knzw_t","knzwtkfm","1"
28,"156153","matk","tsukubalego","1"
28,"87866","otanet123","otanet","1"
28,"130903","g08m11","g08m11","1"
28,"124759","もっちぃ＠","tanimocchi","1"
28,"52316","dubian100",NA,"1"
28,"139991","qz70224","qz70224","1"
28,"50859","shnya_m","shnya_m","1"
28,"98571","Hiro_macchan","Hiro_macchan","1"
28,"108013","atg",NA,"1"
28,"143459","acca",NA,"1"
28,"143466","Kitami IIMURA",NA,"1"
28,"12478","tsuchiya.yoshihiro",NA,"1"
28,"131340","ouou ",NA,"1"
28,"143606","kanigumo","kanigumo","1"
28,"71617","teruu","teruu","1"
28,"143744","tsuna_1217","tsuna_1217","1"
28,"5923","yokkuns","yokkuns","1"
28,"71909","Yoshio Tokorosawa","dichika","1"
28,"87523","horihorio","horihorio","1"
28,"51099","mrt_akm","mrt_akfm","1"
28,"86353","fufudo","fufudo","1"
28,"79848","itochu0523","itochu0523","1"
28,"44340","IT7C","7CIT","1"
28,"143786","sigmak0802","sigmak0802","1"
28,"135701","kei.yamashita",NA,"1"
28,"137085","yu74n","yu74n","1"
28,"120155","Prunus1350","Prunus1350","1"
28,"144018","MYNA",NA,"1"
28,"52524","mikado_hito","mikado_hito","1"
28,"91705","t=YUI",NA,"1"
28,"70273","zuqqhi2","zuqqhi2","1"
28,"144180","Niggorrin","Niggorrin","1"
29,"132078","sanoche16","sanoche16","1"
29,"142956","smrmkt","smrmkt","1"
29,"65907","soultoru","soultoru","1"
29,"120155","Prunus1350","Prunus1350","1"
29,"144251","みきP072",NA,"1"
29,"5026","itoyan",NA,"1"
29,"139547","knzw_t","knzwtkfm","1"
29,"142822","nezuQ","nezuq","1"
29,"144263","naaominnie","naaominnie","1"
29,"122210","h_chujo","h_chujo","1"
29,"11074","hiddy","hiddyy","1"
29,"24501","teramonagi","teramonagi","1"
29,"32770","sfchaos","sfchaos","1"
29,"121000","ytra",NA,"1"
29,"144421","katada_y","katada_y","1"
29,"31824","hiroshi.shinji","hiroshi_shinji","1"
29,"122168","tomo_will","tomo_will","1"
29,"144443","kimura.takahide",NA,"1"
29,"104500","すず。",NA,"1"
29,"6418","yatsuta","tyatsuta","1"
29,"139608","下園美保子","smihoko22","1"
29,"118085","@ActuaryDay","ActuaryDay","1"
29,"79848","itochu0523","itochu0523","1"
29,"142640","K.Kaz","kussuu000","1"
29,"127080","teru3teru6","teru3teru6","1"
29,"78133","sawam__","sawam___","1"
29,"87866","otanet123","otanet","1"
29,"127692","mitz321","argyle320","1"
29,"88668","mrstrangebird","mrstrangebird","1"
29,"98571","Hiro_macchan","Hiro_macchan","1"
29,"12282","yanashi",NA,"1"
29,"48818","gepuro","gepuro","1"
29,"71909","Yoshio Tokorosawa","dichika","1"
29,"82941","obnym","obnym","1"
29,"20261","zaoriku0","zaoriku0","1"
29,"111843","ttakaya","GHtakaya","1"
29,"42985","Nikoriks","Nikoriks","1"
29,"131895","HIRO1997",NA,"1"
29,"5923","yokkuns","yokkuns","1"
29,"92708","ITO-RYOTA","i_narrator","1"
29,"52897","takemikami","takemikami","1"
29,"145227","yosbun","yosbun","1"
29,"80656","handyfox","_handyfox","1"
29,"145297","tkoma",NA,"1"
29,"141100","nkawagashira","nkawagashira","1"
29,"17452","bob3","bob3bob3","1"
29,"70262","1to100pen","1to100pen","1"
29,"143744","tsuna_1217","tsuna_1217","1"
29,"94069","adfive",NA,"1"
29,"142924","mhash",NA,"1"
29,"52032","k.pleiadi","kshimizu123","1"
29,"145666","Sik_ij",NA,"1"
29,"146144","queqaz","queqaz","1"
29,"108013","atg",NA,"1"
29,"52316","dubian100",NA,"1"
29,"30715","kimukou_26","kimukou_26","1"
29,"81990","sla","sla","1"
29,"87274","doradora09","doradora09","1"
29,"52524","mikado_hito","mikado_hito","1"
29,"1468","showyou",NA,"1"
30,"92211","tashirohiro4","infinityth4","1"
30,"122767","ImamuR",NA,"1"
30,"5923","yokkuns","yokkuns","1"
30,"31824","hiroshi.shinji","hiroshi_shinji","1"
30,"21686","kos59125","kos59125","1"
30,"52212","keimayamada","keima","1"
30,"104286","Liang Fan",NA,"1"
30,"122775","predictor.a",NA,"1"
30,"148748","k-harada",NA,"1"
30,"107410","shakezo","shakezo_","1"
30,"17452","bob3","bob3bob3","1"
30,"52524","mikado_hito","mikado_hito","1"
30,"82941","obnym","obnym","1"
30,"148749","thunder0512","thunder0512","1"
30,"19175","aad34210",NA,"1"
30,"118915","micchi","sleeping_michi","1"
30,"5644","holidayworking","holidayworking","1"
30,"8313","matsumoto.seiichi",NA,"1"
30,"126164","kuno",NA,"1"
30,"148755","norisaco","norisaco","1"
30,"142672","srctaha","srctaha","1"
30,"134019","lop",NA,"1"
30,"27645","carrion-crow","carrion_crow","1"
30,"124759","もっちぃ＠","tanimocchi","1"
30,"32770","sfchaos","sfchaos","1"
30,"139780","ciruzzo","__ciruzzo__","1"
30,"102193","quattro_4","quattro_4","1"
30,"132078","sanoche16","sanoche16","1"
30,"147552","swsr",NA,"1"
30,"146144","queqaz","queqaz","1"
30,"17095","okuyama.atsushi",NA,"1"
30,"142956","smrmkt","smrmkt","1"
30,"106999","gingi99","GINGI99","1"
30,"148760","yayab","8yabeam","1"
30,"42985","Nikoriks","Nikoriks","1"
30,"148761","kento.hazama",NA,"1"
30,"131895","HIRO1997",NA,"1"
30,"6418","yatsuta","tyatsuta","1"
30,"121000","ytra",NA,"1"
30,"120155","Prunus1350","Prunus1350","1"
30,"148770","ねずQ",NA,"1"
30,"87866","otanet123","otanet","1"
30,"132568","Onion2104",NA,"1"
30,"148771","AsaiTakuya",NA,"1"
30,"94069","adfive",NA,"1"
30,"83547","kenchan0130_aki","kenchan0130","1"
30,"139991","qz70224","qz70224","1"
30,"14867","karubi","karubi","1"
30,"108013","atg",NA,"1"
30,"13045","tknzk","tknzk","1"
30,"59031","you1025","you_s1025","1"
30,"65907","soultoru","soultoru","1"
30,"5387","hiratake55","hiratake55","1"
30,"121854","hitxiang","hitxiang","1"
30,"122210","h_chujo","h_chujo","1"
30,"148381","9824","9824","1"
30,"110584","shibukixxx","hatenaxx","1"
30,"98571","Hiro_macchan","Hiro_macchan","1"
30,"21334","所沢義男",NA,"1"
30,"88080","junta","junta_okuda","1"
30,"148816","nushi","nakanushi","1"
30,"148819","yoichiro.s.3",NA,"1"
30,"127692","mitz321","argyle320","1"
30,"24501","teramonagi","teramonagi","1"
30,"127731","yama_pon08",NA,"1"
30,"52897","takemikami","takemikami","1"
30,"148843","shishikura",NA,"1"
30,"141100","nkawagashira","nkawagashira","1"
30,"129435","tmakot","tmakot","1"
30,"143842","ariarijp","ariarijp","1"
30,"86359","soshitw","soshitw","1"
30,"71394","umame","umemisan","1"
30,"148904","まいけるひろし","hiroshi26","1"
30,"148912","sato_mitsunori","sato_mitsunori","1"
30,"146036","koooo","kotwi400","1"
30,"129930","haru7170","haru7170","1"
30,"148924","erika1111",NA,"1"
30,"148928","hi.okada","unltd_wander","1"
30,"12483","nakka",NA,"1"
30,"149009","DropOutSurf","DropOutSurf","1"
30,"149048","azu-azu",NA,"1"
30,"143744","tsuna_1217","tsuna_1217","1"
30,"13949","wdkz","wdkz","1"
30,"36294","nakayamachama",NA,"1"
30,"137437","miya_1987","miya_1987","1"
30,"127080","teru3teru6","teru3teru6","1"
30,"149215","Andy FU",NA,"1"
30,"74964","fisproject",NA,"1"
30,"51607","zanjibar","zanjibar","1"
30,"44340","IT7C","7CIT","1"
30,"139404","ski","nanko_ski","0"
30,"61047","moha358","moha358","0"
30,"129894","HIROKI DAIDO",NA,"0"
30,"37889","delta","delta2323_","0"
30,"136872","koshi","ksmzn","0"
30,"125103","fukamon_xxx","fukm_xxx","0"
30,"149454","Terashima Kosuke","KosukeTerashima","0"
30,"70652","Keiku322","Keiku","0"
30,"149563","Aoyama_","Galaxy_seven","0"
30,"118436","kobashi07","kobashi07","0"
30,"132354","yamakatu","yamakatu","0"
30,"65699","masibonge_t","masibonge_t","0"
31,"147272","ftakao2007","ftakao2007","1"
31,"148912","sato_mitsunori","sato_mitsunori","1"
31,"87866","otanet123","otanet","1"
31,"127080","teru3teru6","teru3teru6","1"
31,"5387","hiratake55","hiratake55","1"
31,"120155","Prunus1350","Prunus1350","1"
31,"106999","gingi99","GINGI99","1"
31,"122210","h_chujo","h_chujo","1"
31,"59031","you1025","you_s1025","1"
31,"124759","もっちぃ＠","tanimocchi","1"
31,"132078","sanoche16","sanoche16","1"
31,"146144","queqaz","queqaz","1"
31,"94069","adfive",NA,"1"
31,"24452","sstat3","sstat3","1"
31,"20261","zaoriku0","zaoriku0","1"
31,"17452","bob3","bob3bob3","1"
31,"31824","hiroshi.shinji","hiroshi_shinji","1"
31,"19175","aad34210",NA,"1"
31,"142956","smrmkt","smrmkt","1"
31,"103270","exabugs","exabugs","1"
31,"149048","azu-azu",NA,"1"
31,"127692","mitz321","argyle320","1"
31,"11074","hiddy","hiddyy","1"
31,"11022","ixixi","ixixi","1"
31,"32288","a_bicky","a_bicky","1"
31,"13045","tknzk","tknzk","1"
31,"46156","tetsuroito","tetsuroito","1"
31,"148755","norisaco","norisaco","1"
31,"134730","ogwtch","ogawatachi","1"
31,"148219","usausausa",NA,"1"
31,"101620","watanabe_tanaka","watanabe_tanaka","1"
31,"143744","tsuna_1217","tsuna_1217","1"
31,"21334","所沢義男",NA,"1"
31,"124573","KanSakamoto","KanSAKAMOTO","1"
31,"139404","ski","nanko_ski","1"
31,"149957","kishi_kk","kishi_kk","1"
31,"24501","teramonagi","teramonagi","1"
31,"48818","gepuro","gepuro","1"
31,"127483","mitsuruog","mitsuruog","1"
31,"147552","swsr",NA,"1"
31,"150026","furu3",NA,"1"
31,"150045","take0417","chokichoki_","1"
31,"150068","4dpocket","4d_pocket","1"
31,"139991","qz70224","qz70224","1"
31,"148816","nushi","nakanushi","1"
31,"149563","Aoyama_","Galaxy_seven","1"
31,"21686","kos59125","kos59125","1"
31,"125456","motivic","motivic_","1"
31,"125103","fukamon_xxx","fukm_xxx","1"
31,"108013","atg",NA,"1"
31,"131575","関 明弘","akihiro0117","1"
31,"150327","awekuit","awekuit","1"
31,"44340","IT7C","7CIT","1"
31,"81618","prioninae","prioninae","1"
31,"150362","y_otani","y_otani","1"
31,"118436","kobashi07","kobashi07","1"
31,"51153","lawmn","lawmn","1"
31,"150376","hieida",NA,"1"
31,"148546","U39_KOBAYASHI","U39_HOLLYWOOD","1"
31,"142672","srctaha","srctaha","1"
31,"51978","yszk","yszk","1"
31,"150398","oyassuu","oyassuu","1"
31,"150408","はしQ",NA,"1"
31,"150428","MaiO",NA,"1"
31,"46110","shmachid","shmachid","1"
31,"30715","kimukou_26","kimukou_26","1"
31,"150487","島村 学",NA,"1"
31,"145852","Yoshiyuki ishida",NA,"1"
31,"115182","ghisx","ghisx","1"
31,"108898","arsenalll","HAYATO_Y","1"
31,"150527","ワタル４７","wasu47","1"
31,"150531","takashi0319","takashi0319","1"
31,"137437","miya_1987","miya_1987","1"
31,"146036","koooo","kotwi400","1"
31,"144180","Niggorrin","Niggorrin","1"
31,"148196","taqu0",NA,"1"
31,"73271","james.king","Genius_kei","1"
31,"71394","umame","umemisan","1"
31,"42017","Yutaka Ishikawa@Nightley","modaista","1"
31,"74669","yasugahira0810","yasugahira0810","1"
31,"150663","hirat","octoroid8","1"
31,"98571","Hiro_macchan","Hiro_macchan","1"
31,"150739","TakiT","tk2yk","1"
31,"150887","nob_araki",NA,"1"
31,"131213","kzumishi","daisukesjp","1"
31,"150932","gatayama",NA,"1"
31,"150943","Hirotoshi Nakahara",NA,"1"
31,"150975","@yakatanoshi","yakatanoshi","1"
31,"150978","OKUYA",NA,"1"
31,"118085","@ActuaryDay","ActuaryDay","1"
31,"121692","koogucci","kooguccii","0"
31,"36294","nakayamachama",NA,"0"
31,"52524","mikado_hito","mikado_hito","0"
31,"151316","mogproject","mogproject","0"
31,"151142","あべんべん",NA,"0"
31,"151338","rilakkuma1991","rilakkuma0731","0"
31,"151366","Kazuo_Ishii_PhD","Kazuo_Ishii_PhD","0"
31,"147017","nabeyasu555","yamanabi8080","0"
31,"90590","ts.atnd",NA,"0"
31,"151347","n_ken","n_ken","0"
31,"72931","yatchi","yatchi","0"
31,"94065","fuji_tip","fuji_tip","0"
31,"151869","buya","pshbuya","0"
31,"142235","NONAME","emanon_omoshi","0"
31,"48199","tetsu10","tetsu10","0"
31,"103679","白倉弘太","sKura","0"
31,"60147","daisuke nakazawa","diceken","0"
31,"83547","kenchan0130_aki","kenchan0130","0"
31,"56980","ts_3156",NA,"0"
31,"150475","voco","vocobeat","0"
31,"152019","Taika",NA,"0"
31,"129435","tmakot","tmakot","0"
31,"148760","yayab","8yabeam","0"
31,"151644","western ando","western_ando","0"
31,"113978","hk_atnd",NA,"0"
32,"122210","h_chujo","h_chujo","1"
32,"87866","otanet123","otanet","1"
32,"132078","sanoche16","sanoche16","1"
32,"120155","Prunus1350","Prunus1350","1"
32,"124759","もっちぃ＠","tanimocchi","1"
32,"148912","sato_mitsunori","sato_mitsunori","1"
32,"152226","housecat442","housecat442","1"
32,"142672","srctaha","srctaha","1"
32,"127080","teru3teru6","teru3teru6","1"
32,"124573","KanSakamoto","KanSAKAMOTO","1"
32,"139991","qz70224","qz70224","1"
32,"142822","nezuQ","nezuq","1"
32,"151347","n_ken","n_ken","1"
32,"140227","koppe110","ko81_110","1"
32,"109963","Alan Smithee","mid_f","1"
32,"142956","smrmkt","smrmkt","1"
32,"144180","Niggorrin","Niggorrin","1"
32,"115182","ghisx","ghisx","1"
32,"65907","soultoru","soultoru","1"
32,"151316","mogproject","mogproject","1"
32,"132568","Onion2104",NA,"1"
32,"21686","kos59125","kos59125","1"
32,"83955","ENO0514","ENO0514","1"
32,"150026","furu3",NA,"1"
32,"156153","matk","tsukubalego","1"
32,"127692","mitz321","argyle320","1"
32,"151291","igjit","igjit","1"
32,"21334","所沢義男",NA,"1"
32,"54498","uedayo","uedayo","1"
32,"146144","queqaz","queqaz","1"
32,"152257","oyassuu826","somemmanbot","1"
32,"46156","tetsuroito","tetsuroito","1"
32,"81618","prioninae","prioninae","1"
32,"127731","yama_pon08",NA,"1"
32,"152264","n_yamakawa",NA,"1"
32,"75528","atmurata","atmurata","1"
32,"151869","buya","pshbuya","1"
32,"52524","mikado_hito","mikado_hito","1"
32,"141106","rkenl",NA,"1"
32,"106885","76whizkidz","76whizkidz","1"
32,"98571","Hiro_macchan","Hiro_macchan","1"
32,"59095","yoneken","k_yone","1"
32,"152280","miyua",NA,"1"
32,"152283","a tkmr","Klarcius","1"
32,"17452","bob3","bob3bob3","1"
32,"40822","だいだいぽん",NA,"1"
32,"60147","daisuke nakazawa","diceken","1"
32,"152290","abo","abogadoron","1"
32,"2269","manozo","manozo","1"
32,"102193","quattro_4","quattro_4","1"
32,"143744","tsuna_1217","tsuna_1217","1"
32,"152293","tetsushicrocop",NA,"1"
32,"108013","atg",NA,"1"
32,"52316","dubian100",NA,"1"
32,"152302","masa.obatake",NA,"1"
32,"37889","delta","delta2323_","1"
32,"152306","benzie",NA,"1"
32,"149048","azu-azu",NA,"1"
32,"104740","Takashi Kitano","kashitan","1"
32,"146816","吉田 大祐","dyoshida1983","1"
32,"72931","yatchi","yatchi","1"
32,"152225","tech_machii","tech_machii","1"
32,"152319","dmisawa",NA,"1"
32,"152366","Oden7777","oden7777","1"
32,"146036","koooo","kotwi400","1"
32,"152373","taro tokui","ebisu_taro","1"
32,"152386","shimoda","lotus98030373","1"
32,"148771","AsaiTakuya",NA,"1"
32,"86359","soshitw","soshitw","1"
32,"138869","daiki_takaguchi","DTakaguchi","1"
32,"151926","あべんべんべん","abenben","1"
32,"90590","ts.atnd",NA,"1"
32,"152439","kosuke.terashima",NA,"1"
32,"152077","otiyotta","Shuji_Oya","1"
32,"122870","Nakhirot",NA,"1"
32,"148546","U39_KOBAYASHI","U39_HOLLYWOOD","1"
32,"65699","masibonge_t","masibonge_t","1"
32,"75657","Nekopuni","Nekopuni_","1"
32,"147017","nabeyasu555","yamanabi8080","1"
32,"152574","LakiLa","chira","1"
32,"78898","purasi-bo","purasiibo","1"
32,"152749","amitani","amitani","1"
32,"150475","voco","vocobeat","1"
32,"152846","ふぃっと","fitfrisk","1"
32,"19175","aad34210",NA,"1"
32,"137417","dr_paradi","dr_paradi","0"
32,"137437","miya_1987","miya_1987","0"
32,"131895","HIRO1997",NA,"0"
32,"153037","Bamchang",NA,"0"
32,"27645","carrion-crow","carrion_crow","0"
32,"146345","ゆりを","yurwo","0"
32,"153105","kilometer",NA,"0"
32,"153111","ksk_527","ksk_527","0"
32,"98587","msano","Yon_Seo","0"
32,"94330","Tring","Tring3","0"
32,"150362","y_otani","y_otani","0"
32,"59031","you1025","you_s1025","0"
32,"152750","juristuart","juri_stuart_j","0"
32,"78903","bicycle1885","bicycle1885","0"
32,"122944","s3works","s3works","0"
32,"68956","sugawi",NA,"0"
32,"152878","カペライン",NA,"0"
32,"128181","sat_","sachiotomita","0"
32,"153278","juju1008","juju7ts","0"
32,"84290","ゴルフなう","golf_nau","0"
32,"21446","oki_can",NA,"0"
32,"36294","nakayamachama",NA,"0"
32,"150663","hirat","octoroid8","0"
32,"154087","shinya2013",NA,"0"
32,"154142","yito12",NA,"0"
32,"154161","kazuya030","kazuya030","0"
32,"154377","わたれい",NA,"0"
32,"154386","tsukasa4649",NA,"0"
32,"122607","teyunteyun",NA,"0"
32,"97245","yuu11se",NA,"0"
32,"101620","watanabe_tanaka","watanabe_tanaka","0"
32,"75148","ikdttr",NA,"0"
32,"154575","KAOLIN",NA,"0"
32,"154667","Haruhiko Uchikawa",NA,"0"
32,"7746","nsyee00","nsyee00","0"
32,"44254","@26310","packetiwu","0"
32,"154926","Tatsuo Mano","TatsuoMano","0"
32,"61678","Town_b","town_b","0"
32,"155020","kndt84","kndt84","0"
32,"155015","Kosuke.iwasaki",NA,"0"
32,"42017","Yutaka Ishikawa@Nightley","modaista","0"
32,"155270","飛田陽平",NA,"0"
32,"155281","osamtimizer","osamtimizer","0"
32,"155334","aeroplan",NA,"0"
32,"122459","zeroking",NA,"0"
32,"155539","ysekikaw","Seki4suke","0"
32,"155707","Masu Hata","nrspiel","0"
32,"123123","hajimex",NA,"0"
32,"24452","sstat3","sstat3","0"
32,"141326","にしむ","nishimuuuuuu","0"
33,"155139","wakakumo","nxafmoishq08jXG","1"
33,"156948","TJO_datasci","TJO_datasci","1"
33,"87866","otanet123","otanet","1"
33,"120155","Prunus1350","Prunus1350","1"
33,"146144","queqaz","queqaz","1"
33,"46156","tetsuroito","tetsuroito","1"
33,"152283","a tkmr","Klarcius","1"
33,"137437","miya_1987","miya_1987","1"
33,"109864","yuto_shimizu","yuto_shimizu","1"
33,"142956","smrmkt","smrmkt","1"
33,"139404","ski","nanko_ski","1"
33,"156952","LitopsQ","LitopsQ","1"
33,"17452","bob3","bob3bob3","1"
33,"102193","quattro_4","quattro_4","1"
33,"76653","D.CHaaaN","d_chaaan","1"
33,"151291","igjit","igjit","1"
33,"98571","Hiro_macchan","Hiro_macchan","1"
33,"51627","wwacky","wwacky","1"
33,"156953","sarajyu",NA,"1"
33,"87523","horihorio","horihorio","1"
33,"25492","謎のクマしゃん","pcmaster","1"
33,"93934","fuji_fujimon","fuji_fujimon","1"
33,"21686","kos59125","kos59125","1"
33,"103970","nickniku","kentana20","1"
33,"149048","azu-azu",NA,"1"
33,"71909","Yoshio Tokorosawa","dichika","1"
33,"125103","fukamon_xxx","fukm_xxx","1"
33,"52316","dubian100",NA,"1"
33,"19016","promisedhill",NA,"1"
33,"73378","heshiki",NA,"1"
33,"140227","koppe110","ko81_110","1"
33,"24501","teramonagi","teramonagi","1"
33,"122178","Med_KU","Med_KU","1"
33,"118163","hiras","volanja","1"
33,"140365","MOTOGRILL","MOTOGRILL","1"
33,"127692","mitz321","argyle320","1"
33,"141980","UXAnalytics Lab","UXAnalytics","1"
33,"129081","imari","imari_you","1"
33,"147728","もんたさん",NA,"1"
33,"26680","chimerast","chimerast","1"
33,"24186","langstat","langstat","1"
33,"122210","h_chujo","h_chujo","1"
33,"156310","faho","functionalaho","1"
33,"80290","kenzrx",NA,"1"
33,"20377","shiraco","shiraco","1"
33,"138156","atsaki","atsaki","1"
33,"24452","sstat3","sstat3","1"
33,"156979","Kohei_y",NA,"1"
33,"125456","motivic","motivic_","1"
33,"148926","maykoe","maykoe","1"
33,"156984","pacocat","pacocat","1"
33,"94987","ほどほど人",NA,"1"
33,"156996","wakame_sa","wakame_sa","1"
33,"124759","もっちぃ＠","tanimocchi","1"
33,"88550","nasuno","nasunom","1"
33,"30715","kimukou_26","kimukou_26","1"
33,"152226","housecat442","housecat442","1"
33,"157008","chop1n","chop1n","1"
33,"94196","小野滋","shig_ono","1"
33,"132078","sanoche16","sanoche16","1"
33,"152750","juristuart","juri_stuart_j","1"
33,"148928","hi.okada","unltd_wander","1"
33,"157031","okay0502","0kayu","1"
33,"127080","teru3teru6","teru3teru6","1"
33,"67247","Naoto Karibe","naotoka","1"
33,"157039","kubo-m",NA,"1"
33,"151175","tebora","ihorie1969","1"
33,"137021","saidie","siedie","1"
33,"138869","daiki_takaguchi","DTakaguchi","1"
33,"23921","mail2tac",NA,"1"
33,"131895","HIRO1997",NA,"1"
33,"108013","atg",NA,"1"
33,"157077","kenken2",NA,"1"
33,"143744","tsuna_1217","tsuna_1217","1"
33,"150026","furu3",NA,"1"
33,"157083","s_e_ria",NA,"1"
33,"154926","Tatsuo Mano","TatsuoMano","1"
33,"97245","yuu11se",NA,"1"
33,"152225","tech_machii","tech_machii","1"
33,"53114","_kohta","_kohta","1"
33,"150475","voco","vocobeat","1"
33,"157200","あああ＿",NA,"1"
33,"19175","aad34210",NA,"1"
33,"65907","soultoru","soultoru","1"
33,"140451","yuki n",NA,"1"
33,"150663","hirat","octoroid8","1"
33,"11022","ixixi","ixixi","1"
33,"14878","dt20xx",NA,"1"
33,"156248","k-koji",NA,"1"
33,"52897","takemikami","takemikami","1"
33,"126831","Itani Yosuke","YosukeItani","0"
33,"157504","koiue3915","koiue3915","0"
33,"157505","akiniwa","aki_n1wa","0"
33,"157523","ふくろう999","owl_mimizuku_1","0"
33,"152077","otiyotta","Shuji_Oya","0"
33,"155202","MikaFukushige","mi_kodayo","0"
33,"113721","SATO Kenji","satokjp","0"
33,"74964","fisproject",NA,"0"
33,"10374","jar2",NA,"0"
33,"51607","zanjibar","zanjibar","0"
33,"90590","ts.atnd",NA,"0"
33,"122335","freak-da (@keisukefukuda)","keisukefukuda","0"
33,"83270","kyoro1","kyoro1","0"
33,"156882","taku matsumoto","bon_matz","0"
33,"68956","sugawi",NA,"0"
33,"157658","KZYS001",NA,"0"
33,"153563","koideyuichi",NA,"0"
33,"108898","arsenalll","HAYATO_Y","0"
33,"150374","siero5335","siero5335","0"
34,"122210","h_chujo","h_chujo","1"
34,"80321","taise","_eurk","1"
34,"150398","oyassuu","oyassuu","1"
34,"2269","manozo","manozo","1"
34,"87866","otanet123","otanet","1"
34,"132078","sanoche16","sanoche16","1"
34,"83547","kenchan0130_aki","kenchan0130","1"
34,"118163","hiras","volanja","1"
34,"156310","faho","functionalaho","1"
34,"159149","Waiy_q",NA,"1"
34,"118085","@ActuaryDay","ActuaryDay","1"
34,"154892","たけあき","1201115","1"
34,"137437","miya_1987","miya_1987","1"
34,"46156","tetsuroito","tetsuroito","1"
34,"157523","ふくろう999","owl_mimizuku_1","1"
34,"158649","ski_nanko","ski_nanko","1"
34,"50635","okb_m","okb_m","1"
34,"157031","okay0502","0kayu","1"
34,"124759","もっちぃ＠","tanimocchi","1"
34,"138869","daiki_takaguchi","DTakaguchi","1"
34,"141326","にしむ","nishimuuuuuu","1"
34,"120155","Prunus1350","Prunus1350","1"
34,"109963","Alan Smithee","mid_f","1"
34,"159157","Masafumi Kinoshita",NA,"1"
34,"98155","hoxo_m","hoxo_m","1"
34,"104740","Takashi Kitano","kashitan","1"
34,"156996","wakame_sa","wakame_sa","1"
34,"155771","umedam","umedam","1"
34,"42017","Yutaka Ishikawa@Nightley","modaista","1"
34,"97245","yuu11se",NA,"1"
34,"159180","shige_ito",NA,"1"
34,"93934","fuji_fujimon","fuji_fujimon","1"
34,"156952","LitopsQ","LitopsQ","1"
34,"108013","atg",NA,"1"
34,"125103","fukamon_xxx","fukm_xxx","1"
34,"157008","chop1n","chop1n","1"
34,"146144","queqaz","queqaz","1"
34,"79848","itochu0523","itochu0523","1"
34,"157504","koiue3915","koiue3915","1"
34,"127080","teru3teru6","teru3teru6","1"
34,"159207","NaotoKaribe","naoto_karibe","1"
34,"65907","soultoru","soultoru","1"
34,"127692","mitz321","argyle320","1"
34,"115182","ghisx","ghisx","1"
34,"75657","Nekopuni","Nekopuni_","1"
34,"151316","mogproject","mogproject","1"
34,"159254","橋口貴",NA,"1"
34,"67411","f_prg","f_prg","1"
34,"159262","KannoKotaro","KannoKotaro","1"
34,"159267","hezo",NA,"1"
34,"23921","mail2tac",NA,"1"
34,"133927","sato_hiro",NA,"1"
34,"159285","isisisi","Ishimuuuuu","1"
34,"143744","tsuna_1217","tsuna_1217","1"
34,"40643","Lian_","Lian","1"
34,"102193","quattro_4","quattro_4","1"
34,"142822","nezuQ","nezuq","1"
34,"48818","gepuro","gepuro","1"
34,"159302","sqrtxx","sqrtxx","1"
34,"118915","micchi","sleeping_michi","1"
34,"138454","fukagai","takuya_fukagai","1"
34,"80290","kenzrx",NA,"1"
34,"149048","azu-azu",NA,"1"
34,"52524","mikado_hito","mikado_hito","1"
34,"142924","mhash",NA,"1"
34,"36294","nakayamachama",NA,"1"
34,"25492","謎のクマしゃん","pcmaster","1"
34,"131213","kzumishi","daisukesjp","1"
34,"153456","池田 凡如",NA,"1"
34,"129081","imari","imari_you","1"
34,"70273","zuqqhi2","zuqqhi2","1"
34,"156792","taku matsu",NA,"1"
34,"71664","tndhk","tndhk","1"
34,"120488","Ch1012","Ch_1012","1"
34,"52897","takemikami","takemikami","1"
34,"66026","yoshinolie","yoshinolie","1"
34,"124573","KanSakamoto","KanSAKAMOTO","1"
34,"150475","voco","vocobeat","1"
34,"115786","ojima_h","ojima_h","1"
34,"45161","fumito_ito","fumito_ito","1"
34,"144180","Niggorrin","Niggorrin","0"
34,"159657","suemoc","suemoc","0"
34,"100799","Akihiro Kasahara","Aki_Kasahara","0"
34,"157505","akiniwa","aki_n1wa","0"
34,"159679","くまたん☆",NA,"0"
34,"129796","lxyuma","lxyuma","0"
34,"152077","otiyotta","Shuji_Oya","0"
34,"92349","kurotaky","kurotaky","0"
34,"159878","kyyonko","kyyonko","0"
34,"159899","中原　誠",NA,"0"
34,"152887","syanao2007","syanao2007","0"
34,"109664","若佐淳一","jwakasa","0"
34,"150026","furu3",NA,"0"
34,"60350","Shin1484","isabisi1484","0"
34,"19175","aad34210",NA,"0"
34,"157211","hayashiyus","hayashiyus","0"
34,"156979","Kohei_y",NA,"0"
34,"127079","arai_arara","arai_arara","0"
34,"31754","nanaya_sac","nanaya_sac","0"
34,"160113","wendy",NA,"0"
35,"11022","ixixi","ixixi","1"
35,"153111","ksk_527","ksk_527","1"
35,"9269","yamaz","yamaz","1"
35,"21686","kos59125","kos59125","1"
35,"137437","miya_1987","miya_1987","1"
35,"127692","mitz321","argyle320","1"
35,"98155","hoxo_m","hoxo_m","1"
35,"160624","nopu","nopu_dansant","1"
35,"98571","Hiro_macchan","Hiro_macchan","1"
35,"156310","faho","functionalaho","1"
35,"161187","kaisei.hamamoto","kaiseh","1"
35,"157504","koiue3915","koiue3915","1"
35,"122178","Med_KU","Med_KU","1"
35,"65907","soultoru","soultoru","1"
35,"44500","ularatter","ularatter","1"
35,"140227","koppe110","ko81_110","1"
35,"16309","freeparis2",NA,"1"
35,"48818","gepuro","gepuro","1"
35,"83270","kyoro1","kyoro1","1"
35,"127080","teru3teru6","teru3teru6","1"
35,"157523","ふくろう999","owl_mimizuku_1","1"
35,"131340","ouou ",NA,"1"
35,"156996","wakame_sa","wakame_sa","1"
35,"71909","Yoshio Tokorosawa","dichika","1"
35,"52524","mikado_hito","mikado_hito","1"
35,"150475","voco","vocobeat","1"
35,"42985","Nikoriks","Nikoriks","1"
35,"126831","Itani Yosuke","YosukeItani","1"
35,"75269","wonder0518","wonder0518","1"
35,"132078","sanoche16","sanoche16","1"
35,"139991","qz70224","qz70224","1"
35,"161252","Hachiyas",NA,"1"
35,"46156","tetsuroito","tetsuroito","1"
35,"146727","ymaki","yoshi_flt","1"
35,"146892","bouzuao","yokozuna_hanao","1"
35,"68956","sugawi",NA,"1"
35,"161283","minami0371","minami0371","1"
35,"75657","Nekopuni","Nekopuni_","1"
35,"104740","Takashi Kitano","kashitan","1"
35,"138479","michael_pero",NA,"1"
35,"149048","azu-azu",NA,"1"
35,"7907","ma2","masaa_ma","1"
35,"69463","hikaru19891122","HIKARU19891122","1"
35,"67411","f_prg","f_prg","1"
35,"160625","taube","Hato810810","1"
35,"147552","swsr",NA,"1"
35,"161542","ao_log","ao_log","1"
35,"154661","藤田　治郎",NA,"1"
35,"97245","yuu11se",NA,"1"
35,"136872","koshi","ksmzn","1"
35,"138869","daiki_takaguchi","DTakaguchi","1"
35,"153982","mamisuke",NA,"1"
35,"161644","fineatoms","Fineelectrons","1"
35,"94069","adfive",NA,"1"
35,"157031","okay0502","0kayu","1"
35,"152077","otiyotta","Shuji_Oya","1"
35,"151175","tebora","ihorie1969","1"
35,"157211","hayashiyus","hayashiyus","1"
35,"32770","sfchaos","sfchaos","1"
35,"51607","zanjibar","zanjibar","1"
35,"120155","Prunus1350","Prunus1350","1"
36,"71909","Yoshio Tokorosawa","dichika","1"
36,"21686","kos59125","kos59125","1"
36,"152226","housecat442","housecat442","1"
36,"124759","もっちぃ＠","tanimocchi","1"
36,"140365","MOTOGRILL","MOTOGRILL","1"
36,"156948","TJO_datasci","TJO_datasci","1"
36,"122210","h_chujo","h_chujo","1"
36,"24501","teramonagi","teramonagi","1"
36,"120155","Prunus1350","Prunus1350","1"
36,"118456","kuwaken",NA,"1"
36,"6418","yatsuta","tyatsuta","1"
36,"137437","miya_1987","miya_1987","1"
36,"156958","kantooo","kntoo","1"
36,"83270","kyoro1","kyoro1","1"
36,"82941","obnym","obnym","1"
36,"98571","Hiro_macchan","Hiro_macchan","1"
36,"157211","hayashiyus","hayashiyus","1"
36,"160625","taube","Hato810810","1"
36,"151926","あべんべんべん","abenben","1"
36,"165892","hoge_math","hoge_math","1"
36,"142672","srctaha","srctaha","1"
36,"97157","yaoshisi","yakkul23","1"
36,"115182","ghisx","ghisx","1"
36,"149985","れいや","ray201111","1"
36,"81782","k_somemo","ksomemo","1"
36,"20261","zaoriku0","zaoriku0","1"
36,"46156","tetsuroito","tetsuroito","1"
36,"88763","わっきー","w_a_k_i","1"
36,"68956","sugawi",NA,"1"
36,"145711","__john_smith__","__john_smith__","1"
36,"132568","Onion2104",NA,"1"
36,"157077","kenken2",NA,"1"
36,"165898","aich_08_","aich_08_","1"
36,"51627","wwacky","wwacky","1"
36,"75357","millionsmile","millionsmile","1"
36,"156310","faho","functionalaho","1"
36,"160643","gg_hatano","gg_hatano2","1"
36,"165901","Jun Kato","Hexomino","1"
36,"165904","suho",NA,"1"
36,"108013","atg",NA,"1"
36,"132078","sanoche16","sanoche16","1"
36,"134264","miraihack","miraihack","1"
36,"80327","Salam Khan",NA,"1"
36,"151996","bon matzmoto","nobel_kei","1"
36,"149048","azu-azu",NA,"1"
36,"65699","masibonge_t","masibonge_t","1"
36,"41251","horitaku1124","horitaku1124","1"
36,"146727","ymaki","yoshi_flt","1"
36,"148219","usausausa",NA,"1"
36,"162334","photosynthesis",NA,"1"
36,"163222","tkhk11","tkhk11","1"
36,"165918","ks888",NA,"1"
36,"160345","kentar0",NA,"1"
36,"159657","suemoc","suemoc","1"
36,"165928","harano ayaka",NA,"1"
36,"165930","HitTips",NA,"1"
36,"165940","Isaka_Angeleno","Isaka_Angeleno","1"
36,"157523","ふくろう999","owl_mimizuku_1","1"
36,"119004","pedro",NA,"1"
36,"153149","Weda654","Weda654","1"
36,"165952","satt",NA,"1"
36,"122178","Med_KU","Med_KU","1"
36,"136550","goaki","goaki","1"
36,"165975","muam",NA,"1"
36,"55125","yuuki_0804",NA,"1"
36,"109170","tom_of_death","tom_of_death","1"
36,"76139","haegwan","haegwankim","1"
36,"2269","manozo","manozo","1"
36,"82418","NaOHaq","NaOHaq","1"
36,"138869","daiki_takaguchi","DTakaguchi","1"
36,"138454","fukagai","takuya_fukagai","0"
36,"127080","teru3teru6","teru3teru6","0"
36,"166139","lucaskbos","LucasKBOS","0"
36,"142829","mikiya0417","mikiya0417","0"
36,"38117","sg08",NA,"0"
36,"318","wads",NA,"0"
36,"164303","おやん",NA,"0"
36,"166286","Hiroyuki_Abe","BobYoshida","0"
36,"166327","big_marimo",NA,"0"
36,"166400","herobushi24","herobushi","0"
36,"157504","koiue3915","koiue3915","0"
36,"166337","exp(akihito+i)",NA,"0"
36,"144546","airtoxinn","airtoxin","0"
36,"166448","なむる",NA,"0"
36,"83547","kenchan0130_aki","kenchan0130","0"
36,"138060","Kei Sato",NA,"0"
36,"166511","Minoda takashi","aad34210","0"
37,"109963","Alan Smithee","mid_f","1"
37,"149985","れいや","ray201111","1"
37,"166966","H Umeda","Sweets1942","1"
37,"318","wads",NA,"1"
37,"165904","suho",NA,"1"
37,"46156","tetsuroito","tetsuroito","1"
37,"63539","mtkn","mtknnktm","1"
37,"98571","Hiro_macchan","Hiro_macchan","1"
37,"152077","otiyotta","Shuji_Oya","1"
37,"159262","KannoKotaro","KannoKotaro","1"
37,"159899","中原　誠",NA,"1"
37,"146727","ymaki","yoshi_flt","1"
37,"104740","Takashi Kitano","kashitan","1"
37,"167474","tkdmah","tkdmah","1"
37,"137094","mnogu","munenogu","1"
37,"162721","RANYUZU",NA,"1"
37,"139297","Joji Maeno","joji","1"
37,"122912","zeroking1226","zeroking1226","1"
37,"156310","faho","functionalaho","1"
37,"150475","voco","vocobeat","1"
37,"167515","Kohei.Sakamoto",NA,"1"
37,"157211","hayashiyus","hayashiyus","1"
37,"122335","freak-da (@keisukefukuda)","keisukefukuda","1"
37,"166177","YugoKawamura",NA,"1"
37,"21686","kos59125","kos59125","1"
37,"120155","Prunus1350","Prunus1350","1"
37,"140227","koppe110","ko81_110","1"
37,"142672","srctaha","srctaha","1"
37,"118085","@ActuaryDay","ActuaryDay","1"
37,"165898","aich_08_","aich_08_","1"
37,"127080","teru3teru6","teru3teru6","1"
37,"159246","缶これ","wonder_zone","1"
37,"157742","morizyun","zyunnosuke","1"
37,"76139","haegwan","haegwankim","1"
37,"51627","wwacky","wwacky","1"
37,"162174","kawa_fm","kawa_fm","1"
37,"167528","ks888sk",NA,"1"
37,"54996","BiwaCoder","BiwaCoder","1"
37,"167495","はたむ","gg_hatano","1"
37,"167534","yamano357","yamano357","1"
37,"71909","Yoshio Tokorosawa","dichika","1"
37,"149048","azu-azu",NA,"1"
37,"150374","siero5335","siero5335","1"
37,"102193","quattro_4","quattro_4","1"
37,"159657","suemoc","suemoc","1"
37,"125103","fukamon_xxx","fukm_xxx","1"
37,"68956","sugawi",NA,"1"
37,"108013","atg",NA,"1"
37,"132078","sanoche16","sanoche16","1"
37,"157721","Hadachi","adachi_hiroki","1"
37,"159232","Onion21","naoking_2104","1"
37,"124759","もっちぃ＠","tanimocchi","1"
37,"146721","juncoba",NA,"1"
37,"95483","kakakanae","kakakanae","1"
37,"144180","Niggorrin","Niggorrin","1"
37,"156882","taku matsumoto","bon_matz","1"
37,"165952","satt",NA,"1"
37,"71043","j310821","j310821","1"
37,"71617","teruu","teruu","1"
37,"160345","kentar0",NA,"1"
37,"75301","ほげほげです","hogehogepipi","1"
37,"130530","Tiy_Kt","Tiy_Kt","1"
37,"166327","big_marimo",NA,"1"
37,"132082","Rupy","rupyjp","1"
37,"150882","yumaendo",NA,"1"
37,"166448","なむる",NA,"1"
37,"165930","HitTips",NA,"1"
37,"55125","yuuki_0804",NA,"1"
37,"167829","chen xiaodong",NA,"1"
37,"166139","lucaskbos","LucasKBOS","1"
37,"157032","berobero11","berobero11","0"
37,"75357","millionsmile","millionsmile","0"
37,"65907","soultoru","soultoru","0"
37,"87452","maeda_z",NA,"0"
37,"146144","queqaz","queqaz","0"
37,"168243","piroyoung","piroyoung","0"
37,"91337","つっちぃ (TSUCHIDA Takuya)","takuya0301","0"
37,"165356","trtraki","trtraki","0"
37,"135701","kei.yamashita",NA,"0"
37,"19175","aad34210",NA,"0"
37,"51607","zanjibar","zanjibar","0"
38,"87866","otanet123","otanet","1"
38,"142672","srctaha","srctaha","1"
38,"167534","yamano357","yamano357","1"
38,"63539","mtkn","mtknnktm","1"
38,"152226","housecat442","housecat442","1"
38,"46156","tetsuroito","tetsuroito","1"
38,"167536","qhoie",NA,"1"
38,"150374","siero5335","siero5335","1"
38,"146727","ymaki","yoshi_flt","1"
38,"98571","Hiro_macchan","Hiro_macchan","1"
38,"104740","Takashi Kitano","kashitan","1"
38,"122210","h_chujo","h_chujo","1"
38,"132078","sanoche16","sanoche16","1"
38,"120155","Prunus1350","Prunus1350","1"
38,"52316","dubian100",NA,"1"
38,"157031","okay0502","0kayu","1"
38,"162334","photosynthesis",NA,"1"
38,"163222","tkhk11","tkhk11","1"
38,"168913","yamakita_lab","Yamakita_lab","1"
38,"52524","mikado_hito","mikado_hito","1"
38,"165898","aich_08_","aich_08_","1"
38,"11022","ixixi","ixixi","1"
38,"65699","masibonge_t","masibonge_t","1"
38,"127080","teru3teru6","teru3teru6","1"
38,"51627","wwacky","wwacky","1"
38,"75357","millionsmile","millionsmile","1"
38,"165904","suho",NA,"1"
38,"134730","ogwtch","ogawatachi","1"
38,"159207","NaotoKaribe","naoto_karibe","1"
38,"90590","ts.atnd",NA,"1"
38,"152225","tech_machii","tech_machii","1"
38,"125103","fukamon_xxx","fukm_xxx","1"
38,"165952","satt",NA,"1"
38,"32770","sfchaos","sfchaos","1"
38,"168969","mocoAK",NA,"1"
38,"115182","ghisx","ghisx","1"
38,"167495","はたむ","gg_hatano","1"
38,"167474","tkdmah","tkdmah","1"
38,"108013","atg",NA,"1"
38,"98155","hoxo_m","hoxo_m","1"
38,"161283","minami0371","minami0371","1"
38,"156310","faho","functionalaho","1"
38,"21686","kos59125","kos59125","1"
38,"159246","缶これ","wonder_zone","1"
38,"41462","mshino55","mshino55","1"
38,"149048","azu-azu",NA,"1"
38,"144546","airtoxinn","airtoxin","1"
38,"55125","yuuki_0804",NA,"1"
38,"25087","nagayoshi3",NA,"1"
38,"75301","ほげほげです","hogehogepipi","1"
38,"19175","aad34210",NA,"1"
38,"114743","暇人2世","himajin_2nd","1"
38,"80656","handyfox","_handyfox","1"
38,"157032","berobero11","berobero11","1"
38,"169262","山口将央","tyakachika","1"
38,"87523","horihorio","horihorio","1"
38,"146144","queqaz","queqaz","1"
38,"169362","YMSKB",NA,"1"
38,"169057","Msbch",NA,"1"
38,"90618","buhibaka","bugwabara","1"
38,"169415","ryry","tsuboty","1"
38,"124759","もっちぃ＠","tanimocchi","1"
38,"65907","soultoru","soultoru","1"
38,"169524","Rboy",NA,"1"
38,"169652","kentaroexp","kentaroexp","1"
38,"163703","うさぞー","dev_rabbit","1"
38,"80321","taise","_eurk","1"
38,"150887","nob_araki",NA,"1"
38,"166966","H Umeda","Sweets1942","1"
38,"5387","hiratake55","hiratake55","1"
38,"170124","m_hashimoto",NA,"1"
38,"170263","kameeedasu",NA,"1"
38,"143744","tsuna_1217","tsuna_1217","1"
38,"140227","koppe110","ko81_110","1"
38,"109963","Alan Smithee","mid_f","1"
39,"82941","obnym","obnym","1"
39,"140227","koppe110","ko81_110","1"
39,"166177","YugoKawamura",NA,"1"
39,"20377","shiraco","shiraco","1"
39,"139297","Joji Maeno","joji","1"
39,"124759","もっちぃ＠","tanimocchi","1"
39,"167534","yamano357","yamano357","1"
39,"68956","sugawi",NA,"1"
39,"87866","otanet123","otanet","1"
39,"55125","yuuki_0804",NA,"1"
39,"80290","kenzrx",NA,"1"
39,"162334","photosynthesis",NA,"1"
39,"156310","faho","functionalaho","1"
39,"162174","kawa_fm","kawa_fm","1"
39,"71617","teruu","teruu","1"
39,"152225","tech_machii","tech_machii","1"
39,"152293","tetsushicrocop",NA,"1"
39,"46156","tetsuroito","tetsuroito","1"
39,"172785","satkit",NA,"1"
39,"83174","mogamin","mogamin","1"
39,"167536","qhoie",NA,"1"
39,"165904","suho",NA,"1"
39,"50297","takotako22","takotako","1"
39,"167515","Kohei.Sakamoto",NA,"1"
39,"146727","ymaki","yoshi_flt","1"
39,"48818","gepuro","gepuro","1"
39,"172832","catapon","ctpn8256","1"
39,"150374","siero5335","siero5335","1"
39,"104942","sorami","sorami","1"
39,"172837","魚井英生",NA,"1"
39,"45291","hisashinakayama","hisashinakayama","1"
39,"157031","okay0502","0kayu","1"
39,"172852","ka.yu",NA,"1"
39,"75357","millionsmile","millionsmile","1"
39,"103023","mraz1006","mraz1006","1"
39,"163835","Jigsaw_puz",NA,"1"
39,"65907","soultoru","soultoru","1"
39,"21686","kos59125","kos59125","1"
39,"170022","shutaro.k",NA,"1"
39,"146144","queqaz","queqaz","1"
39,"166844","biblichor","yoshinorikadota","1"
39,"24501","teramonagi","teramonagi","1"
39,"142822","nezuQ","nezuq","1"
39,"102193","quattro_4","quattro_4","1"
39,"150882","yumaendo",NA,"1"
39,"169057","Msbch",NA,"1"
39,"172051","坂本龍哉","e4710knct","1"
39,"172881","data_sciesotist","data_sciesotist","1"
39,"172880","kazukibs","kazukibs","1"
39,"172882","eratostennis","eratostennis","1"
39,"172883","iam4570","teaka_experimen","1"
39,"156603","nobuya araki",NA,"1"
39,"159246","缶これ","wonder_zone","1"
39,"134264","miraihack","miraihack","1"
39,"162764","kanottyan",NA,"1"
39,"148912","sato_mitsunori","sato_mitsunori","1"
39,"169362","YMSKB",NA,"1"
39,"151291","igjit","igjit","1"
39,"150475","voco","vocobeat","1"
39,"152226","housecat442","housecat442","1"
39,"172128","田中直樹",NA,"1"
39,"172903","清水健吾",NA,"1"
39,"153149","Weda654","Weda654","1"
39,"44996","ietties","ietties","1"
39,"172914","zakisho",NA,"1"
39,"172916","NaokiFuse","nao_ponz","1"
39,"150164","あらい。","ar_jiro","1"
39,"161193","hamaetsu",NA,"1"
39,"159416","ngsho",NA,"1"
39,"130530","Tiy_Kt","Tiy_Kt","1"
39,"139991","qz70224","qz70224","1"
39,"159552","kukita","k_kukita","1"
39,"155020","kndt84","kndt84","1"
39,"149048","azu-azu",NA,"1"
39,"173211","chikutaku","chikutaku","1"
39,"59031","you1025","you_s1025","1"
39,"106999","gingi99","GINGI99","1"
39,"7568","nowroot",NA,"1"
39,"118629","UsrNameu1","UsrNameu1","1"
39,"127080","teru3teru6","teru3teru6","1"
39,"163222","tkhk11","tkhk11","0"
39,"173445","  Takagin",NA,"0"
39,"173410","watson_4869",NA,"0"
39,"173563","konpeito",NA,"0"
39,"166551","FireRaccoon","4kn_5jdB","0"
39,"143580","nozawa0301","nozawa0301","0"
39,"173806","Takafumi Nakanishi","piano_lullaby","0"
39,"138869","daiki_takaguchi","DTakaguchi","0"
39,"145711","__john_smith__","__john_smith__","0"
39,"173957","＠kou841","kou841","0"
39,"174023","amacbee","a_macbee","0"
39,"174045","kuwata123",NA,"0"
39,"150841","やまつ",NA,"0"
39,"31754","nanaya_sac","nanaya_sac","0"
39,"160625","taube","Hato810810","0"
39,"144229","さりんじゃー","salinger001101","0"
39,"174355","えっとん",NA,"0"
39,"70139","hereticreader","hereticreader","0"
39,"174586","Akie Shimizu",NA,"0"
39,"118599","hiroooo","hiroaki__suzuki","0"
39,"56257","Ysumie","Ysumie","0"
40,"104740","Takashi Kitano","kashitan","1"
40,"124759","もっちぃ＠","tanimocchi","1"
40,"152226","housecat442","housecat442","1"
40,"167534","yamano357","yamano357","1"
40,"153149","Weda654","Weda654","1"
40,"146727","ymaki","yoshi_flt","1"
40,"157031","okay0502","0kayu","1"
40,"98155","hoxo_m","hoxo_m","1"
40,"21686","kos59125","kos59125","1"
40,"140227","koppe110","ko81_110","1"
40,"48818","gepuro","gepuro","1"
40,"157032","berobero11","berobero11","1"
40,"172832","catapon","ctpn8256","1"
40,"150374","siero5335","siero5335","1"
40,"163222","tkhk11","tkhk11","1"
40,"162334","photosynthesis",NA,"1"
40,"71617","teruu","teruu","1"
40,"169362","YMSKB",NA,"1"
40,"50212","ntorek","ntorek","1"
40,"156310","faho","functionalaho","1"
40,"174730","jundoll","jun2_3","1"
40,"118915","micchi","sleeping_michi","1"
40,"92211","tashirohiro4","infinityth4","1"
40,"127692","mitz321","argyle320","1"
40,"82418","NaOHaq","NaOHaq","1"
40,"143744","tsuna_1217","tsuna_1217","1"
40,"155020","kndt84","kndt84","1"
40,"167515","Kohei.Sakamoto",NA,"1"
40,"46156","tetsuroito","tetsuroito","1"
40,"153278","juju1008","juju7ts","1"
40,"140365","MOTOGRILL","MOTOGRILL","1"
40,"102193","quattro_4","quattro_4","1"
40,"122210","h_chujo","h_chujo","1"
40,"51627","wwacky","wwacky","1"
40,"174762","fqz7c3","fqz7c3","1"
40,"56257","Ysumie","Ysumie","1"
40,"174769","まりももも","big_marimo","1"
40,"63539","mtkn","mtknnktm","1"
40,"45291","hisashinakayama","hisashinakayama","1"
40,"65907","soultoru","soultoru","1"
40,"174812","satkita","satkita","1"
40,"174586","Akie Shimizu",NA,"1"
40,"149048","azu-azu",NA,"1"
40,"174435","kumisky","kumisky","1"
40,"104942","sorami","sorami","1"
40,"24186","langstat","langstat","1"
40,"172882","eratostennis","eratostennis","1"
40,"90590","ts.atnd",NA,"1"
40,"71909","Yoshio Tokorosawa","dichika","1"
40,"136550","goaki","goaki","1"
40,"167793","okijiro",NA,"1"
40,"59031","you1025","you_s1025","1"
40,"38117","sg08",NA,"1"
40,"165898","aich_08_","aich_08_","1"
40,"174897","manabe4",NA,"1"
40,"150164","あらい。","ar_jiro","1"
40,"169057","Msbch",NA,"1"
40,"160230","IsaoIshiguro","IsaoIshiguro","1"
40,"138454","fukagai","takuya_fukagai","1"
40,"169652","kentaroexp","kentaroexp","1"
40,"169262","山口将央","tyakachika","1"
40,"175093","waka.2ya",NA,"1"
40,"172870","nonsabotage","nonsabotage","1"
40,"173410","watson_4869",NA,"1"
40,"173334","Surfing Junky",NA,"1"
40,"175199","SaitoToshiya",NA,"1"
40,"124129","mnt_shadow","mnt_shadow","1"
40,"173226","yu.sekiya",NA,"1"
40,"175539","SUGAYA ",NA,"1"
40,"52524","mikado_hito","mikado_hito","1"
40,"175887","masakiokuda",NA,"1"
40,"175905","morizo63",NA,"1"
40,"169415","ryry","tsuboty","1"
40,"83464","nisi",NA,"1"
40,"176255","mizumi","IzumiMihashi","1"
41,"91538","yhori",NA,"1"
41,"124759","もっちぃ＠","tanimocchi","1"
41,"80290","kenzrx",NA,"1"
41,"153278","juju1008","juju7ts","1"
41,"122142","kaz_yos","kaz_yos","1"
41,"109170","tom_of_death","tom_of_death","1"
41,"145711","__john_smith__","__john_smith__","1"
41,"176453","weda.654","weda_654","1"
41,"132354","yamakatu","yamakatu","1"
41,"87866","otanet123","otanet","1"
41,"150374","siero5335","siero5335","1"
41,"142672","srctaha","srctaha","1"
41,"150475","voco","vocobeat","1"
41,"177350","stophop",NA,"1"
41,"167515","Kohei.Sakamoto",NA,"1"
41,"98155","hoxo_m","hoxo_m","1"
41,"102193","quattro_4","quattro_4","1"
41,"173226","yu.sekiya",NA,"1"
41,"83547","kenchan0130_aki","kenchan0130","1"
41,"177357","JunAA",NA,"1"
41,"167534","yamano357","yamano357","1"
41,"165952","satt",NA,"1"
41,"20454","jmaeno",NA,"1"
41,"177361","kawasssiii","kawasssiii","1"
41,"142822","nezuQ","nezuq","1"
41,"38117","sg08",NA,"1"
41,"7568","nowroot",NA,"1"
41,"104740","Takashi Kitano","kashitan","1"
41,"166177","YugoKawamura",NA,"1"
41,"152319","dmisawa",NA,"1"
41,"123622","shinozw","YusukeShinozawa","1"
41,"175199","SaitoToshiya",NA,"1"
41,"140227","koppe110","ko81_110","1"
41,"92807","keitanishiyama","keita321231","1"
41,"36365","haroperi","haroperi","1"
41,"152262","hirokik","h_kawahara","1"
41,"76139","haegwan","haegwankim","1"
41,"148219","usausausa",NA,"1"
41,"144229","さりんじゃー","salinger001101","1"
41,"177449","makiosum","makiosum","1"
41,"90590","ts.atnd",NA,"1"
41,"157031","okay0502","0kayu","1"
41,"177470","tallman5963",NA,"1"
41,"42227","Yoshiaki Sakai",NA,"1"
41,"177478","おのでぃー",NA,"1"
41,"125103","fukamon_xxx","fukm_xxx","1"
41,"169362","YMSKB",NA,"1"
41,"174762","fqz7c3","fqz7c3","1"
41,"163222","tkhk11","tkhk11","1"
41,"174435","kumisky","kumisky","1"
41,"156310","faho","functionalaho","1"
41,"170492","kenmoro","kenmoro1","1"
41,"165930","HitTips",NA,"1"
41,"98571","Hiro_macchan","Hiro_macchan","1"
41,"71617","teruu","teruu","1"
41,"174926","smzkng","smzkng","1"
41,"174897","manabe4",NA,"1"
41,"177569","uribo","u_ribo","1"
41,"82418","NaOHaq","NaOHaq","1"
41,"41251","horitaku1124","horitaku1124","1"
41,"174084","KennyISHIMURA","KennyISHIMURA","1"
41,"5387","hiratake55","hiratake55","1"
41,"176255","mizumi","IzumiMihashi","1"
41,"143521","s04416as2",NA,"1"
41,"127692","mitz321","argyle320","1"
41,"6418","yatsuta","tyatsuta","1"
41,"157504","koiue3915","koiue3915","1"
41,"166115","secret_hamuhamu","secret_hamuhamu","1"
41,"81040","とりっく","torithetorick","1"
41,"83174","mogamin","mogamin","1"
41,"7814","ayucat (ld)",NA,"1"
41,"23516","kazfuji",NA,"1"
41,"177853","kyokoo",NA,"1"
41,"160625","taube","Hato810810","1"
41,"177903","N_hanx","N_Hanx","1"
41,"177925","R_YU３",NA,"1"
41,"127080","teru3teru6","teru3teru6","1"
41,"150841","やまつ",NA,"1"
41,"149431","florets","florets1","1"
41,"32288","a_bicky","a_bicky","1"
41,"108013","atg",NA,"1"
41,"166416","リュウザキ","teruyasu33","1"
41,"178105","MarchHal",NA,"1"
41,"80838","keaton","motake2010","1"
41,"178229","しんめー",NA,"1"
41,"178250","まつしたー",NA,"1"
41,"156379","Pawel Rusin","RusinPaw","1"
41,"177516","h_suetsugu","suetsugu_h","1"
41,"165898","aich_08_","aich_08_","1"
41,"145527","ysawato","ysawato","1"
41,"142862","Nakano_NY","Nakano__NY","1"
41,"178509","吉田幸生","yoshida_ajacc","1"
41,"178601","rie_s",NA,"1"
41,"81466","f_mora","neo_fujimora","1"
41,"169652","kentaroexp","kentaroexp","1"
41,"178693","yams",NA,"1"
41,"178719","とある技術者","toaru_gi","1"
41,"178441","URA__","URA__","1"
41,"79531","shogo82148","shogo82148","1"
41,"178781","smiki",NA,"1"
41,"132078","sanoche16","sanoche16","0"
41,"149048","azu-azu",NA,"0"
41,"178840","Masa.Y",NA,"0"
41,"178411","ym-kge",NA,"0"
41,"178905","Hiroshi Hamasaki","hiroshihamasaki","0"
41,"178333","yoshioka kazuki",NA,"0"
41,"87452","maeda_z",NA,"0"
41,"37862","suenaga","sue738","0"
41,"179221","y4ge",NA,"0"
41,"149215","Andy FU",NA,"0"
42,"87866","otanet123","otanet","1"
42,"162334","photosynthesis",NA,"1"
42,"146727","ymaki","yoshi_flt","1"
42,"174812","satkita","satkita","1"
42,"82941","obnym","obnym","1"
42,"109170","tom_of_death","tom_of_death","1"
42,"65907","soultoru","soultoru","1"
42,"104740","Takashi Kitano","kashitan","1"
42,"176453","weda.654","weda_654","1"
42,"167534","yamano357","yamano357","1"
42,"165898","aich_08_","aich_08_","1"
42,"46156","tetsuroito","tetsuroito","1"
42,"178601","rie_s",NA,"1"
42,"98155","hoxo_m","hoxo_m","1"
42,"173226","yu.sekiya",NA,"1"
42,"180034","freed944","freed944","1"
42,"13250","utonesm","utonesm","1"
42,"166177","YugoKawamura",NA,"1"
42,"56211","tetsuyas","tetsuyas","1"
42,"23516","kazfuji",NA,"1"
42,"198281","Tatsuru","tk_jpn","1"
42,"181201","Hikaru Suwa",NA,"1"
42,"98571","Hiro_macchan","Hiro_macchan","1"
42,"167515","Kohei.Sakamoto",NA,"1"
42,"127692","mitz321","argyle320","1"
42,"59604","shimaa","akinas","1"
42,"55125","yuuki_0804",NA,"1"
42,"156310","faho","functionalaho","1"
42,"160230","IsaoIshiguro","IsaoIshiguro","1"
42,"173378","asak","tRiaeZ1","1"
42,"125456","motivic","motivic_","1"
42,"24501","teramonagi","teramonagi","1"
42,"124759","もっちぃ＠","tanimocchi","1"
42,"181235","daa_rrs","daa_rrs","1"
42,"140365","MOTOGRILL","MOTOGRILL","1"
42,"152218","kkc","kikuchi1111","1"
42,"137417","dr_paradi","dr_paradi","1"
42,"75657","Nekopuni","Nekopuni_","1"
42,"93934","fuji_fujimon","fuji_fujimon","1"
42,"181306","tshibu5",NA,"1"
42,"115910","kaleidoring","kaleidoring","1"
42,"48818","gepuro","gepuro","1"
42,"80838","keaton","motake2010","1"
42,"181317","moichi",NA,"1"
42,"127080","teru3teru6","teru3teru6","1"
42,"168243","piroyoung","piroyoung","1"
42,"149048","azu-azu",NA,"1"
42,"160636","takmak","TakTakmak4","1"
42,"181375","soros81","soros81","1"
42,"181401","Ross Leedham",NA,"1"
42,"181409","masahero21",NA,"1"
42,"175905","morizo63",NA,"1"
42,"109963","Alan Smithee","mid_f","1"
42,"179710","Atsumax88",NA,"1"
42,"79178","ohtaman_",NA,"1"
42,"90926","tomoshige_n","tomoshige_n","1"
42,"181505","disk1118","usudaisuke","1"
42,"56980","ts_3156",NA,"1"
42,"21686","kos59125","kos59125","1"
42,"169652","kentaroexp","kentaroexp","1"
42,"175887","masakiokuda",NA,"1"
42,"36294","nakayamachama",NA,"1"
42,"110093","junjun_math","junjun_math","1"
42,"167485","yyhhyy","yyhhyy","1"
42,"181788","j-kojima",NA,"1"
42,"75357","millionsmile","millionsmile","1"
42,"149985","れいや","ray201111","1"
42,"177841","saitong","sakuyou_fude","1"
42,"181874","keita_kido","KeitaKido","1"
42,"169194","biccuriman","14furotake","1"
42,"181892","なごみそ","NagominHotMotto","1"
42,"144702","明部良隆",NA,"1"
42,"181911","shinnopikee","shinnopikee","1"
42,"181919","YamaYuri",NA,"1"
42,"126831","Itani Yosuke","YosukeItani","1"
42,"152226","housecat442","housecat442","1"
42,"52897","takemikami","takemikami","1"
42,"172856","skitaoka","skitaoka_","1"
42,"180447","hayataka88","hayataka88","1"
42,"182049","marueaves",NA,"1"
42,"182054","chika.k",NA,"1"
42,"175126","makiedan","makiedan","1"
42,"182095","thutty",NA,"1"
42,"182115","tn1031","tn1031","1"
42,"182211","ruka14",NA,"1"
42,"182212","Shuji",NA,"1"
42,"182227","taddam","rip_curl_jp1","1"
42,"157504","koiue3915","koiue3915","1"
42,"182300","GoKamochi","InsectGO","1"
42,"171421","Kotaro_Hirayama","Kotaro_Hirayama","1"
42,"163222","tkhk11","tkhk11","1"
42,"182354","shigekei12",NA,"1"
42,"71617","teruu","teruu","1"
42,"182648","ryot","bianconero0426","1"
42,"182657","110ken",NA,"1"
42,"182668","shosuzuki",NA,"1"
42,"182698","Kato",NA,"1"
42,"85335","yutannihilation","yutannihilation","1"
42,"142822","nezuQ","nezuq","1"
42,"40046","Ted__Henry","Ted__Henry","1"
42,"7568","nowroot",NA,"1"
42,"182865","hamaetsu_","hamaetsu_","1"
42,"182868","activemi","activemi","1"
42,"182886","にしむし","nishimu1246","1"
42,"182899","masachika",NA,"1"
42,"175542","inakamon","tsubo_ma_kun","1"
42,"51260","yamada_takafumi","ymd5","1"
42,"183122","kgmyshin",NA,"1"
42,"183167","NakazawaK",NA,"1"
42,"82418","NaOHaq","NaOHaq","1"
42,"37862","suenaga","sue738","1"
42,"183318","alex_1058","alex_1058","1"
42,"176255","mizumi","IzumiMihashi","1"
42,"1468","showyou",NA,"1"
42,"166966","H Umeda","Sweets1942","1"
42,"108013","atg",NA,"1"
42,"107272","いしいし",NA,"1"
42,"51607","zanjibar","zanjibar","1"
42,"183420","kotarojapan",NA,"1"
43,"87866","otanet123","otanet","1"
43,"109170","tom_of_death","tom_of_death","1"
43,"173957","＠kou841","kou841","1"
43,"163222","tkhk11","tkhk11","1"
43,"82941","obnym","obnym","1"
43,"167515","Kohei.Sakamoto",NA,"1"
43,"180910","kokumura","kurokumac","1"
43,"68955","hongo35","hongo35","1"
43,"132078","sanoche16","sanoche16","1"
43,"182899","masachika",NA,"1"
43,"46156","tetsuroito","tetsuroito","1"
43,"169362","YMSKB",NA,"1"
43,"167534","yamano357","yamano357","1"
43,"98155","hoxo_m","hoxo_m","1"
43,"181892","なごみそ","NagominHotMotto","1"
43,"75666","saki..","sakiikoo","1"
43,"124759","もっちぃ＠","tanimocchi","1"
43,"168913","yamakita_lab","Yamakita_lab","1"
43,"21686","kos59125","kos59125","1"
43,"91538","yhori",NA,"1"
43,"104740","Takashi Kitano","kashitan","1"
43,"162334","photosynthesis",NA,"1"
43,"181401","Ross Leedham",NA,"1"
43,"176453","weda.654","weda_654","1"
43,"150374","siero5335","siero5335","1"
43,"184333","takadesu",NA,"1"
43,"182354","shigekei12",NA,"1"
43,"2269","manozo","manozo","1"
43,"71617","teruu","teruu","1"
43,"118085","@ActuaryDay","ActuaryDay","1"
43,"127692","mitz321","argyle320","1"
43,"70996","hashk1","hashk1","1"
43,"174900","dreistein","usagi_tsukai","1"
43,"184142","yutaka1986",NA,"1"
43,"122439","somecead","akasatorio","1"
43,"155334","aeroplan",NA,"1"
43,"149048","azu-azu",NA,"1"
43,"181505","disk1118","usudaisuke","1"
43,"165898","aich_08_","aich_08_","1"
43,"48818","gepuro","gepuro","1"
43,"82418","NaOHaq","NaOHaq","1"
43,"87405","masatoh",NA,"1"
43,"184196","南　秀紀",NA,"1"
43,"184524","matsushima92","carbonphilia","1"
43,"158004","Teito.Nakagawa","TeitoNakagawa","1"
43,"184537","b8eansatz",NA,"1"
43,"19175","aad34210",NA,"1"
43,"181911","shinnopikee","shinnopikee","1"
43,"174762","fqz7c3","fqz7c3","1"
43,"144421","katada_y","katada_y","1"
43,"157031","okay0502","0kayu","1"
43,"173334","Surfing Junky",NA,"1"
43,"184852","charisma",NA,"1"
43,"184888","takawai","harapekoya55","1"
43,"175905","morizo63",NA,"1"
43,"174435","kumisky","kumisky","1"
43,"59031","you1025","you_s1025","1"
43,"87452","maeda_z",NA,"1"
43,"173226","yu.sekiya",NA,"1"
43,"127080","teru3teru6","teru3teru6","1"
43,"52316","dubian100",NA,"1"
43,"1468","showyou",NA,"1"
43,"146727","ymaki","yoshi_flt","1"
44,"132078","sanoche16","sanoche16","1"
44,"180910","kokumura","kurokumac","1"
44,"177361","kawasssiii","kawasssiii","1"
44,"124759","もっちぃ＠","tanimocchi","1"
44,"70996","hashk1","hashk1","1"
44,"174084","KennyISHIMURA","KennyISHIMURA","1"
44,"163222","tkhk11","tkhk11","1"
44,"176255","mizumi","IzumiMihashi","1"
44,"93934","fuji_fujimon","fuji_fujimon","1"
44,"181892","なごみそ","NagominHotMotto","1"
44,"127692","mitz321","argyle320","1"
44,"169262","山口将央","tyakachika","1"
44,"98251","kensuke3238","kensuke3238","1"
44,"82418","NaOHaq","NaOHaq","1"
44,"187504","arieee0","arieee0","1"
44,"98155","hoxo_m","hoxo_m","1"
44,"187505","msbcyut","spotted_trout","1"
44,"176453","weda.654","weda_654","1"
44,"160230","IsaoIshiguro","IsaoIshiguro","1"
44,"167534","yamano357","yamano357","1"
44,"168243","piroyoung","piroyoung","1"
44,"25087","nagayoshi3",NA,"1"
44,"174897","manabe4",NA,"1"
44,"51627","wwacky","wwacky","1"
44,"173226","yu.sekiya",NA,"1"
44,"174762","fqz7c3","fqz7c3","1"
44,"181911","shinnopikee","shinnopikee","1"
44,"87523","horihorio","horihorio","1"
44,"122605","SHAYOU",NA,"1"
44,"150374","siero5335","siero5335","1"
44,"165898","aich_08_","aich_08_","1"
44,"102193","quattro_4","quattro_4","1"
44,"52897","takemikami","takemikami","1"
44,"166356","yasuworldi",NA,"1"
44,"150475","voco","vocobeat","1"
44,"85335","yutannihilation","yutannihilation","1"
44,"104740","Takashi Kitano","kashitan","1"
44,"182354","shigekei12",NA,"1"
44,"144675","クッキー","February_6_1988","1"
44,"159246","缶これ","wonder_zone","1"
44,"187569","Yusuke_57369",NA,"1"
44,"51260","yamada_takafumi","ymd5","1"
44,"144702","明部良隆",NA,"1"
44,"181306","tshibu5",NA,"1"
44,"187647","n_hamasaki","nyanchu0608","1"
44,"71617","teruu","teruu","1"
44,"187653","maxtor",NA,"1"
44,"187658","Wolfson",NA,"1"
44,"159207","NaotoKaribe","naoto_karibe","1"
44,"174435","kumisky","kumisky","1"
44,"105049","G.O.R.N","gorn","1"
44,"174900","dreistein","usagi_tsukai","1"
44,"186941","ももちゃん","momochaaam25","1"
44,"183165","ぷりぷりジョーカー","KazunoriKomai","1"
44,"81040","とりっく","torithetorick","1"
44,"178229","しんめー",NA,"1"
44,"187854","ykatada",NA,"1"
44,"187856","tepei",NA,"1"
44,"187902","吉田 幸生",NA,"1"
44,"161283","minami0371","minami0371","1"
44,"187943","keiko.y","kiri_kei","1"
44,"173334","Surfing Junky",NA,"1"
44,"149048","azu-azu",NA,"1"
44,"187975","kznrokura",NA,"1"
44,"162720","synskey",NA,"1"
44,"187979","mikio_mkmd",NA,"1"
44,"179221","y4ge",NA,"1"
44,"46156","tetsuroito","tetsuroito","1"
44,"2269","manozo","manozo","1"
44,"142202","むらおか","15kMr","1"
44,"188085","su_9qu","su_9qu","1"
44,"52316","dubian100",NA,"1"
44,"38117","sg08",NA,"1"
44,"184852","charisma",NA,"1"
44,"36294","nakayamachama",NA,"1"
44,"127080","teru3teru6","teru3teru6","1"
44,"168557","dlmasa","masa0310","1"
44,"188561","hirudai","hirudai","1"
44,"156379","Pawel Rusin","RusinPaw","1"
44,"87452","maeda_z",NA,"1"
44,"80838","keaton","motake2010","0"
44,"172832","catapon","ctpn8256","0"
44,"184524","matsushima92","carbonphilia","0"
44,"152226","housecat442","housecat442","0"
44,"188907","kattymobil","kattymobil","0"
44,"181409","masahero21",NA,"0"
44,"189080","maki.tsuji",NA,"0"
44,"71745","かすや","kasuya","0"
44,"189272","tomochan001",NA,"0"
44,"186820","あい2",NA,"0"
44,"97245","yuu11se",NA,"0"
44,"187429","deraforming","deraforming","0"
44,"125456","motivic","motivic_","0"
44,"108410","いしいしいし","shokugyo","0"
44,"189535","ayaksh3","AredruM","0"
44,"148912","sato_mitsunori","sato_mitsunori","0"
44,"65907","soultoru","soultoru","0"
44,"189549","ながかわ",NA,"0"
44,"142822","nezuQ","nezuq","0"
45,"6418","yatsuta","tyatsuta","1"
45,"120155","Prunus1350","Prunus1350","1"
45,"127692","mitz321","argyle320","1"
45,"70996","hashk1","hashk1","1"
45,"132354","yamakatu","yamakatu","1"
45,"104740","Takashi Kitano","kashitan","1"
45,"163222","tkhk11","tkhk11","1"
45,"98155","hoxo_m","hoxo_m","1"
45,"152019","Taika",NA,"1"
45,"176453","weda.654","weda_654","1"
45,"188041","wataru TT",NA,"1"
45,"46156","tetsuroito","tetsuroito","1"
45,"149431","florets","florets1","1"
45,"25087","nagayoshi3",NA,"1"
45,"145711","__john_smith__","__john_smith__","1"
45,"192904","gujing",NA,"1"
45,"152226","housecat442","housecat442","1"
45,"194659","s01410rs",NA,"1"
45,"184781","msbc",NA,"1"
45,"162174","kawa_fm","kawa_fm","1"
45,"85335","yutannihilation","yutannihilation","1"
45,"194665","soogie","soogie","1"
45,"102193","quattro_4","quattro_4","1"
45,"19175","aad34210",NA,"1"
45,"167495","はたむ","gg_hatano","1"
45,"20261","zaoriku0","zaoriku0","1"
45,"151130","ｔｋ１","tttkkk111","1"
45,"177569","uribo","u_ribo","1"
45,"21334","所沢義男",NA,"1"
45,"142822","nezuQ","nezuq","1"
45,"65413","furandon_pig","furandon_pig","1"
45,"177515","ishitsuka.jun","ij_spitz","1"
45,"167485","yyhhyy","yyhhyy","1"
45,"160230","IsaoIshiguro","IsaoIshiguro","1"
45,"136872","koshi","ksmzn","1"
45,"157211","hayashiyus","hayashiyus","1"
45,"156310","faho","functionalaho","1"
45,"148912","sato_mitsunori","sato_mitsunori","1"
45,"151926","あべんべんべん","abenben","1"
45,"109131","snomof","snomof","1"
45,"144229","さりんじゃー","salinger001101","1"
45,"109374","くろっくす","96kurox","1"
45,"180447","hayataka88","hayataka88","1"
45,"98571","Hiro_macchan","Hiro_macchan","1"
45,"159246","缶これ","wonder_zone","1"
45,"167534","yamano357","yamano357","1"
45,"5387","hiratake55","hiratake55","1"
45,"90590","ts.atnd",NA,"1"
45,"192919","nakamichi","__nakamichi__","1"
45,"157523","ふくろう999","owl_mimizuku_1","1"
45,"181306","tshibu5",NA,"1"
45,"187943","keiko.y","kiri_kei","1"
45,"43404","hisawotakase","hisawotakase","1"
45,"134096","moccccccccc","porkkori","1"
45,"81040","とりっく","torithetorick","1"
45,"182354","shigekei12",NA,"1"
45,"194738","kuwatomo",NA,"1"
45,"194753","yaguran","yaguran","1"
45,"80838","keaton","motake2010","1"
45,"194760","k_myan","k_myan","1"
45,"146727","ymaki","yoshi_flt","1"
45,"194764","yk.s",NA,"1"
45,"157890","Toshihiro Kawasaki@Geeplus",NA,"1"
45,"38117","sg08",NA,"1"
45,"42227","Yoshiaki Sakai",NA,"1"
45,"175905","morizo63",NA,"1"
45,"194795","snumano",NA,"1"
45,"184524","matsushima92","carbonphilia","1"
45,"194859","zigzag","zigzag108","1"
45,"190195","nakamu__",NA,"1"
45,"155380","maiura",NA,"1"
45,"163677","g_votte","g_votte","1"
45,"184333","takadesu",NA,"1"
45,"194896","kensuke-mi",NA,"1"
45,"149048","azu-azu",NA,"1"
45,"194994","きくたろう","kikurage1001","1"
45,"195011","uma123","yumakenriku","1"
45,"195056","mizobuchi.yuji",NA,"1"
45,"65907","soultoru","soultoru","1"
45,"157504","koiue3915","koiue3915","1"
45,"83464","nisi",NA,"0"
45,"82418","NaOHaq","NaOHaq","0"
45,"71155","asozure","asozure","0"
45,"156996","wakame_sa","wakame_sa","0"
45,"191239","ひぐまる","higumaru324","0"
45,"127080","teru3teru6","teru3teru6","0"
45,"40094","comaccha","_comaccha_","0"
45,"139598","motonobu","motonobu_","0"
45,"181505","disk1118","usudaisuke","0"
45,"156077","よろしく！","nakano_tomofumi","0"
